id,name,message,comments_text,from_name,link,attachments_text,created_time
1801883896772814_1826782234282980,0,"[Healthcare] 휴먼스케이프(DP63 입주사) 탐방노트

- 휴먼스케이프는 현재 외래진료/수술환자를 위한 사후관리 서비스 어플리케이션 ""헬렌"" 베타 서비스 운영 중
- 2018년 5월 출시를 목표로 블록체인 기반 환자 커뮤니티 서비스 개발 중
- 환자들이 본인이 겪고있는 질병과 관련된 각종 데이터, 증상 등을 커뮤니티에 공유하면 이에따른 보상을 얻게 됨(토큰). 또한 전문의료진들이 해당 데이터에 대한 신뢰성을 검증해, 신뢰성이 높은 데이터에는 추가적인 보상을 지급함
- 이를 통해 환자들은 자신들의 치료에 사용할 수 있는 비용(토큰)을 얻게되고, 제약회사/병원들은 환자들의 데이터를 임상환자 모집, PMS 등에 활용할 수 있음

*자세한 내용은 첨부드리는 PDF파일을 참고해 주시기 바랍니다", Hyoil Moon:정리 감사합니다. 공유하실 때 회사에 대한 뷰와 투자에 대한 의견도 간단하게 부탁합니다. 그래야 follow up 방향 정할 수 있습니다.,Yoonji Kim,0, 180322_휴먼스케이프 탐방노트.pdf · version 1:https://l.facebook.com/l.php?u=https%3A%2F%2Flookaside.fbsbx.com%2Ffile%2F180322_%25ED%259C%25B4%25EB%25A8%25BC%25EC%258A%25A4%25EC%25BC%2580%25EC%259D%25B4%25ED%2594%2584%2520%25ED%2583%2590%25EB%25B0%25A9%25EB%2585%25B8%25ED%258A%25B8.pdf%3Ftoken%3DAWxIMBJGTH1T6xeG6ygqmdX5HZWNrLMRT_5XU8U3xGgSCr5xa0qndZTbbFCnQ-rWrM9Ar57fnTgEj0CYaC-fEdxvEU0AGHByKdmbG2OMj3BNEA4kFNLO2eSU3Gqv_O4xmYWSOyW4wz-GW9xqF5eNqLxXOU7zRvhkc60_oX0Pqf0SdOsVzgQqvvHoZ9nqjiCxwKQI0Mnrl6jRN904vh8A8qUI2CLyP7s_RQO5ZVmjt_XLtw&h=ATPmaCQdi9ZZrWsI5PYWwqwRW5NzUuCjf23DzOn640c6aoSo8xLH-Ki3DYxXNiDTwyW9XDxS33j4nCGS5DmOS1CngTFOFmGMA4yThMVP6xlhllM&s=1,2018-04-02T00:46:07+0000
1801883896772814_1825745614386642,0,"[Healthcare] 전문가가 바라본 산업의 패러다임 변화 세미나 요약

- Big Pharma들의 Orphan drugs에 대한 관심은 계속해서 확대
- 신약 개발은 10-15년 이상이 걸리는 긴 여정인데 반해 R&D 트렌드는 이보다 빠르게 변하기 때문에 Big Pharma들은 직접 신약개발에 뛰어들기보다는 M&A, L/I를 통해 Orphan drugs에 대한 사업을 확장해 나가고 있음
- Orphan drugs중에도 Oncology, Neurology 분야에 대한 관심도가 높음(Unmet needs)
- 2016년의 경우, 브렉시트, 미국 대선등의 영향으로 인해 다소 위축되는 모습을 보였으나 2017년 부터는 다시 확장세를 이어갈 것
- 미국, 일본, 독일, 영국등 선진시장이 글로벌 제약 시장을 주도해 나가고 있음. 한국은 아직 그 규모면에서는 미미한 수준임
- 아시아 시장에서는 중국이 M&A 거래 건수, 규모가 점차 늘어나는 추세임",0,Yoonji Kim,0, 180322_전문가가 바라본 산업의 패러다임 변화(메리트_클래리베이트).pdf · version 1:https://l.facebook.com/l.php?u=https%3A%2F%2Flookaside.fbsbx.com%2Ffile%2F180322_%25EC%25A0%2584%25EB%25AC%25B8%25EA%25B0%2580%25EA%25B0%2580%2520%25EB%25B0%2594%25EB%259D%25BC%25EB%25B3%25B8%2520%25EC%2582%25B0%25EC%2597%2585%25EC%259D%2598%2520%25ED%258C%25A8%25EB%259F%25AC%25EB%258B%25A4%25EC%259E%2584%2520%25EB%25B3%2580%25ED%2599%2594%2528%25EB%25A9%2594%25EB%25A6%25AC%25ED%258A%25B8_%25ED%2581%25B4%25EB%259E%2598%25EB%25A6%25AC%25EB%25B2%25A0%25EC%259D%25B4%25ED%258A%25B8%2529.pdf%3Ftoken%3DAWwkwICCQXNIAgdsJYlKadRnyUrUnzcRibWixvQnMHBYqx7gCwJs1SegYiAZ5_XzwABrLqqVu5aVuo6bMexVqkfr5usnlBiwcQOrN86Wm1k-Jq-BU-1g8oXxbFSsU692wwRSsFs0ZbyHJO3DwQQdxtk5OyDnwEfpijtlFW6vs97Pdl8kYO8s5LlqSc26ILgjQ0r1jEVGrsiaXms7Eg14a3Vey748DNILXQ2LAyNZy4NMfQ&h=ATO49tAKwAdvrcOK8Q5AG7SqBo8C00XW0Y0FJwJeHW2VhPplevIeTi33dBP0M787BvyYF-AmbzDV6yZWjADRxaQ5Ucp9Lbd0tU_ATze2D8oT_X0&s=1,2018-03-30T07:34:29+0000
1801883896772814_1824877787806758,thebell Free,"상장사인 카카오가 ICO에 관심이 없다고 하는 건 ‘상식’으로 볼 수도 있지만 금융당국의 수장이 해외 ICO는 너 맘이지만 카카오 뱅크의 신뢰성에 문제가 생기면 좌시하지 않겠다는 얘기 이후에 나온 거라서 흥미롭네요
금융기관의 신뢰성은 건전성이나 적정성보다 무거운 단어인 듯 합니다 단어를 잘 골랐네요 금새 항복한 걸 보면", Dongwon Kim:조정연 Reverse ICO는 하겠다는 건가요?,조정연,http://me2.do/5Uhal8wv, thebell Free:http://l.facebook.com/l.php?u=http%3A%2F%2Fme2.do%2F5Uhal8wv&h=ATPIXMHi-4GhQulhSqyMxt1M8UiNqmTRq4ht9kkIxzKWCtfUwBd8HySPfl9rH0OWskolmd_Vkxia4qcqUvnlBidRf5z9dKDuBvvOlg-sE9-YdXg&s=1,2018-03-28T02:40:58+0000
1801883896772814_1825007681127102,0,"[화장품] ‘화장품 소비트렌드 변화와 향후 전망’ 세미나 내용 공유드립니다.

1. 화장품 소비트렌드의 변화

1)유럽, 미국 등 선진 시장: 가치와 의미를 부여하며 사용이 간결하게 변하며 자연주의 제품/ 비건 제품 등을 지향함.
2)동남아 등 신흥 시장: 초기 발전 단계에서 빠르게 성장 중임.
3)중국: 중국 내 한국 제품의 입지가 좁아지면서 일본 제품들이 인기를 끌고 있음. 
4)국내
-소비자: 화장품 사용자 연령층이 학생층으로 낮아지고 있음.
-유통 채널: 원브랜드 로드샵이 쇠퇴하고 온라인과 더불어 올리브영, 시코르와 같은 h&b스토어가 높은 성장률을 보임.

2. 성장 기대되는 산업 내 분야

환경과 시술로 인한 피부 민감도 및 화장품 (성분)정보에 대한 노출 증가로 인해 더마와 색조 화장품 그리고 마스크팩의 성장세가 예상됨.
- 더마 시장은 전체 화장품 시장의 ~4%이며 H&B 유통과 함께 꾸준히 성장 중임.
- 반면 가끔은 포인트를 주며 표현하기 위해 색조 전문 브랜드에 대한 수요는 증가함.
- 마스크팩의 수요 역시 한국과 중국 구매자뿐만 아니라 전세계적으로 확산되고 있음.",0,Soohyun Park,0,0,2018-03-28T10:48:46+0000
1801883896772814_1824630271164843,Business Model Canvas - How Does it Work? e.g. LEGO,"투자검토시 Target의 BM을 정의하는 것은 중요합니다
가끔 면담을 해보면 이부분에 대해서 어려움을 호소하는
친구들이 있어 아래의 영상을 공유합니다

BM Canvas로 레고 사례로 Intuitive하게
어떠한 점을 우선적으로 보아야 하는지 포인트를 잡을 수 있습니다

Business Canvas로 스타트업을 분석한 케이스도 다양하게 있으니
참조하시구요 레고가 친숙한 회사이니 아래의 첨부를 공유드립니다",0,김동영,https://www.youtube.com/watch?v=g4E3fhybhGM&feature=share, Business Model Canvas - How Does it Work? e.g. LEGO:https://l.facebook.com/l.php?u=https%3A%2F%2Fwww.youtube.com%2Fwatch%3Fv%3Dg4E3fhybhGM%26feature%3Dshare&h=ATNzBTTn5wFTJDT2Z7rdQZNBIWiN1zXIQo6cL3ErQFNvMv-tQ639ySO1i-cLLz6xWsdr2GaHCfCxuIgTiY2S4ZX9TnNP_0pwlv6eBSm68AL5Z0k&s=1,2018-03-27T11:59:06+0000
1801883896772814_1824579984503205,0,"[유통] ‘4차산업혁명과 쇼핑문화의 변화’ 세미나 내용 공유드립니다.

1. 고객의 변화
- 필요에 의한 소비애서 경험과 가치부여를 중심으로한 소비로 트렌드 변화 중임
- 가치 부여는 특정 스토리가 있는 상품의 구매 등으로 이어짐
- 온라인 소비의 경우 ""적시"" 개념이 중요함 (편의성 증대)

2. 제조의 변화
- 상품 제조사의 경우 고객에게 일련의 스토리를 제공할 수 있는 상품 또는 경험을 제공하는 방식으로 상품을 만들려는 움직임을 보임

3. 유통의 변화
1)오프라인 유통의 변화
- 기존 오프라인 매장은 고객 경험과 체험의 공간으로 변모하고 있음
예) 샤넬의 코코 게임관 / 나이키 뉴욕 매장 / foodie 슈퍼마켓(스크린 통해 제품의 스토리 확인) / 피팅 미러 / 호텔코이(코이 제품 비치, 방 사이즈를 S,M,L로 표시)등
- 차세대 기술과의 결합으로 접근성과 편의성 높이고 있음
예) 자율주행 슈퍼마켓

2)가상 공간 쇼핑의 부상
- AR/VR 기술을 통해 집 안에서도 식료품, 가구 등 다양한 품목을 쇼핑할 수 있을 것으로 예상됨
예) VR슈퍼마켓 / 이케아", 김동영:첩보에 의하면 일본 츠타야 같은 중국 도서관 사례동영상 보여줬다고 하는데 그것은 어떤의미인가요?! 김동영:https://youtu.be/qcxjMYCWJNI Soohyun Park:(좀 오래된 기사입니다),Soohyun Park,0,0,2018-03-27T09:05:18+0000
1801883896772814_1823212967973240,CNBC 위협하는 버즈피드 전 사장의 경제뉴스,"http://www.ttimes.co.kr/view.html?no=2018032017537753543

Cheddar라는 경제미디어 채널 안내드립니다
밀레니어를 대상으로 좀더 쉽게 경제뉴스를 전달하고
밀레니어가 선호하는 소재 테크, 스타트업, 트렌드 등과 관련된 경제뉴스 동영상 스트리밍 서비스입니다

저는 작년 가을부터 보기 시작했는데, 깊이가 CNBC나 블룸버그 만큼은 아니지만 좀더 쉽고 천천히 내용을 전달하고 약간 토크쇼 비슷하게 재미를 더하여 덜 딱딱한 느낌을 줍니다 특히 블룸버그대비요

더불어 1년에 32불 정도를 내면, 프리미엄 멤버쉽으로 뉴스방송, 스타트업 대표 인터뷰 등을 무제한 열람할 수 있어서 역량제고하는데도 도움이 되지 않을까 싶습니다
한편 저는 CNBC Pro 연 300불을 내면서 지금도 보는데 요즘은 프로는 거의 못보고 체다를 많이 봅니다..

참고차 공유드리고 아래내용은 체다관련 기사입니다",0,김동영,http://www.ttimes.co.kr/view.html?no=2018032017537753543, CNBC 위협하는 버즈피드 전 사장의 경제뉴스:http://l.facebook.com/l.php?u=http%3A%2F%2Fwww.ttimes.co.kr%2Fview.html%3Fno%3D2018032017537753543&h=ATNr9e-ru7euqCp2H_bUJ7erSFDA8k3OQSamxwrbUCQ6YTAj8nVB5adXC6VWIBP8WNOtwgfPe_ZZcqkec58rPtU-zd5GQMH2iSXPh57D7oMNvxU&s=1,2018-03-24T04:21:47+0000
1801883896772814_1822882228006314,0,0,0,Dongjun Shin,0, 조송백:https://www.facebook.com/profile.php?id=100001698382829,2018-03-23T09:05:56+0000
1801883896772814_1819935724967631,0,"[세미나 요약]TPG Themes and Trends in Private Markets 요약 공유드립니다.

+ Private investing market

   - 시장에서는 private market이 이미 끝났다고 이야기하지만 아직 그렇지 않음
   - 과거 private market의 패턴 추이를 살펴보면 앞으로 alpha는 대체투자시장에서 찾을 것으로 보여짐
   - 시장의 변화
      * Capital Formation 
            Liquidity를 원치않던 투자자들의 성향이 좀 더 나은 수익률을 위한 투자를 하는 것으로 변화하고 있음(은행, 보험사, 정부 등)
            더이상 사업을 시작하기 위해서 거금의 capital이 필요하지 않기 때문에 회사가 IPO없이도 자금 조달에 어려움이 없음
     * Public market 현황
            IPO하는 회사가 절대적인 숫자도 계속해서 감소하고 있으며, 특히 성장률이 빠른 회사는 상장을 지양
            특히 장내 상위권을 테크관련 기업이 독점한 상태로 포트폴리오 diversification 전략 적용이 어려움
            인덱스가 더이상 fundamental을 따르지 않고 있음
      * Private market의 발전
            Market이 이전보다 훨씬 안정적임
            과거에는 public-to-private deal이 많았으나, 현재는 sponsor-to-sponsor deal로 private market내 거래가 활성화 되고있음
            상장을 지양하는 기업들의 특성 상 일부 market이 Public에서 private으로 움직이고 있음
            따라서 Private market의 사이즈는 아직 과소평가 되어 있기 때문에 성장할 것으로 예상

.
.
.

+ TPG 관심 investing topics 하이라이트

   - Dead Mall
      * 더이상 사람들이 찾지 않는 대형 쇼핑몰 개조를 통해 사람들의 라이프스타일에 맞춘 고객 경험형 사업 제시
   - 비트코인
      * 블록체인은 새로운 형태의 데이터베이스로 많은 산업에 disruption을 가져올 것으로 예상되나, 비트코인은 블록체인을 활용한 어플리케이션에 불과하므로 비트코인이 아닌 블록체인에 대한 깊은 이해가 필요
   - Video
      * 비디오 시청시간은 늘어나고 있지만, 한번에 짧은 비디오를 시청하는 현대인의 특성에 맞춘 사업이 발전하고 있음.(Blackpills-짧은 비디오클립으로 시리즈를 만들어 배포하는 프랑스 업체) 
      * 따라서 향후 비디오산업은 얼마나 오래 보느냐 보다는 내가 원할 때 원하는 만큼만 볼 수있는 형태의 비디오 비즈니스가 발전할 것임
  - Locavores
      * Industrialized된 식당보다는 특색있는 craft, local 음식점이 성행하고 있음.
      * 따라서 industrialized food의 supply chain 변화로 인해 BM유지가 어려워 질 것이며, 점점 localized된 식문화가 이어질 것임
  - Seatbelts
      * 기술이 발전함에 따라 사람들이 접하는 데이터에 대한 보안이 시급하나, 아직은 tech의 발전 속도를 cybersecurity가 따라오지 못하고 있음
      * 그러나, 경제에 불황이 와도 반드시 필요한 분야로 꾸준한 발전이 예상됨"," Hyoil Moon:정리 고마워요. Dead Mall 전환 성공사례, 특히 아시아권, 자세히 알아보고 저희 공간활용 담당하시는 분들과 공유하면 좋겠습니다. 김동영:Dead factory, Dead warehouse 등의 사례는 종종봐았습니다만 Dead mall은 재미있는 concept 같네요 좋은 정보 감사합니다.",문효빈,0,0,2018-03-16T02:07:48+0000
1801883896772814_1822443628050174,Photos from Soohyun Park's post,"[신기사 기업 탐방 : Looxidlabs]

3.21 증권 신기사 룩시드랩스 탐방 동행
(Fundraising 50억원)

1. Business Description
- 생체 신호(뇌파, 시선) 기반 감정 상태에 대해, VR 활용한 AI 알고리즘 개발
- 사용자의 실시간 감정 상태와 히트맵 추적할 수 있어 Education, Healthcare, Marketing 등의 분야에 솔루션 제공

2. Key Statistics & Performance
- CES 2018 최고 혁신상(VR 부문) 수상
- TechCrunch Disrupt Battlefield 2017 본선 진출

3. Financing History / Valuation
- Total Funding : US$850K
- Investor : 퓨처플레이, 카이스트창업재단, 블루포인트파트너스, 카이스트청년창업투자지주
- Valuation : 200억원(룩시드랩스 추정)
- 지분구조 : 대표이사(40%), 퓨처플레이(22%)

3. Key Questions(신기사)
- 센서 공급에 대한 이슈
- 기존 투자자의 지분 구조 등",0,Soohyun Park,https://www.facebook.com/photo.php?fbid=1683579521756660&set=gm.1822443628050174&type=3, Photos from Soohyun Park's post:https://www.facebook.com/media/set/?set=pcb.1822443628050174&type=1,2018-03-22T08:09:03+0000
1801883896772814_1822412228053314,0,"[Healthcare] DHP 디지털 헬스케어 스타트업 써밋 2018 참석 후기
*세미나 요약본은 첨부파일을 참조해주시길 바랍니다.

1. 행사내용
- 일시: 3/21(수) 
- 개요: DHP(Digital Healthcare Partners)주관, 연 1~2회 진행
- 목적: 헬스케어 스타트업에계 의료 생태계 이해자들과의 연계를 제공
- 참석자: 스타트업, 엑셀러레이터(메새쉬업엔젤스, 네이버D2SF, 퓨쳐플레이, 네오플라이, Shift, 크리에이티브스퀘어, 컴퍼니D), VC,  정부(식약처, 서울시청, 보건산업진흥원, SSE), 산업계(IT, 제약, 의료기기, 금융, 보험) 및 학계/의료계 약 150명 
- 세미나 주제;
 1) DHP 소개
 2) 성공하는 헬스케어 스타트업의 조건(모바일닥터, 신재원 대표), 헬스케어 스타트업의 UX디자인(장진규 파트너)
 3) 후원사 session: 크리에이티브 스퀘어(삼성전자), UBC
 4) 투자사 session: 닥터다이어리(송재원 대표), 서지컬마인드(김일 대표) 

2. DHP란?
- 국내 유일 헬스케어 스타트업 엑셀러레이터
- 투자현황: 3billion(단독투자, 닥터다이어리(Primer투자유치), 서지컬마인드(mashup공동투자), 총 3곳에 투자
- 향후계획: VRAD(의료영상분석), Humanscape(63DP입주사, 블록체인 기반 환자 커뮤니티 서비스 개발중), 난임/인공지능(회사명 비공개), 헬스케어 챗봇(회사명 비공개)

3. Impression
- 모바일닥터 '열나요', 닥터다이어리 등 VC들의 서비스와 보험사간의 직접적인 서비스 연계 혹은 관심도가 높아지고 있음. 열나요의 경우 그간 축적된 신생아-어린이들의 데이터를 기반으로 어린이 보험에 특화된 현대해상굿앤굿 어린이 보험과의 서비스 연계 검토 중. 
- 닥터다이어리(당뇨앱)와 같이 만성질환을 대상으로 하는 관리 앱 등과의 서비스 연계 검토는 필요할 것"," 김동영:늦은시간에 열린 써밋인데, 고생 많으셨습니다!!공유내용 감사요!",Yoonji Kim,0, 180322_DHP디지털 헬스케어 스타트업 서밋 2018.pdf · version 1:https://l.facebook.com/l.php?u=https%3A%2F%2Flookaside.fbsbx.com%2Ffile%2F180322_DHP%25EB%2594%2594%25EC%25A7%2580%25ED%2584%25B8%2520%25ED%2597%25AC%25EC%258A%25A4%25EC%25BC%2580%25EC%2596%25B4%2520%25EC%258A%25A4%25ED%2583%2580%25ED%258A%25B8%25EC%2597%2585%2520%25EC%2584%259C%25EB%25B0%258B%25202018.pdf%3Ftoken%3DAWwQjGplxll34JsT4DhTOSf8d0XKPhq_5NEBFcODZjcKkn7f9VNv7Rt-ihrpW_wGeDbCvUxH-eJ0gW9WsTVCTFOqoofeaXNbT7gY1Idh8into8YMrgHseLtZWk3Y_ypHCcbxT4ypBLmVUoWdM50729PFb5S5bdwREYtfAIObiypQB7TxY2ZMJxRhTkfUGgl7U73xtanmvUmStBifzUMuYNrwujS-Krpc30hSjrzKRAiE_w&h=ATPw5G94Z7bswEAnp-NyPnSVu7KRm1ELOvt17MYJOVrZDvaNIPciDnHhuY_4dfBDceYQrrs_v1O8acWj-uQ73hoxmSPCkGxgrDvg2Wskbdxpx1c&s=1,2018-03-22T05:44:13+0000
1801883896772814_1821961328098404,0,"03/20 (화) Day2

[Blockchain 1.] “ANX International”
• Overview
   - ICO Advisory: token sale strategy framework, blockchain&tech strategy, marketing&content strategy 
   - Exchange: platform 구성 등에 필요한 architecture 제공
   - Payments: visa, mastercard, unionpay 등을 wechat pay 등과 연결하려는 서비스 계획 중 
   - Academy: early stage이지만 tech&finance 등의 프로그램 제공

• Key take-away
   - 160여명의 임직원으로 구성된 홍콩의 대형 ICO Advisor로, 50여명의 core developer 보유 중
   -  Exchange service를 5년 이상 제공하고 있으며, 관련 컨설팅 서비스 제공 가능
   -  파트너사 선정 시 blockchain 시장 및 규제 등이 계속해서 변화하기 때문에, 전문성 판단을 위해서는 참여한 프로젝트 등을 기준으로 검토 필요

• Next step
  1. 당사의 blockchain project에 긍정적인 반응을 보이며, 추가적인 논의 검토 필요
  2. 특히 co-working space와 관련하여 깊은 관심을 보였으며, early stage 단계인 academy service와의 협업 가능성에 긍정적인 반응을 보임
  3. Deconomy 2018 참가 여부와 관련하여 CEO 스케쥴 확인 및 참가에 긍정적인 의사를 밝힘
  4. 세부 내용은 NDA 체결 이후 논의하기를 희망했음

[Blockchain 2.] “lpponstack”
• Overview
   - blockchain tech base의 5명 규모 회사
   - smart contract / Ethereum 기반의 Dapp 개발 전문
   - 홍콩, 싱가포르, 중국, 호주에 client 보유 중

• Key take-away
   - 국외 ICO 시, Caribbean이 tax free여서 추천함
   -  blockchain은 모두가 배우고 있기에 전문가가 없다고 함
   - Ethereum, Waves, Stellar Lumen 등 모든 플랫폼 쪽으로 개발 가능하며, 당사의 project에서 transaction 속도가 중요치 않다면 이미 eco system을 이룬 Ethereum 을 사용하는 것을 추천함

• Next step
  1. 당사의 Dapp 개발 등에 Advisor로서 협업 방안이 가능할 것으로 판단됨
  2. 현재 Art관련 ICO project(*Talantum)에 tech Advisor로 있으며, 해당 시장에 대한 홍콩 쪽 follow up 가능
*Talantum : art work에 대한 voting mechanism을 사용 - hosbby라는 app을 운영하고 있음 (홍콩 local app으로 특정 art관련 수업을 수강할 수 있는 플랫폼)

• 협업가능성
   - academy의 smart contract 및 Dapp 개발 부분의 tech advisor로서의 역할이 가능할 것으로 사료됨

[Blockchain 3.] “Belkin Marketing (CEO, conference-call)”
• Overview
   - ICO Marketing 및 PR 전문 기업
   - ICO Advisor로서의 역할 수행 가능
   -Block Show의 Co-Founder

• Key take-away
   - 자신의 preference에따라 ICO project에 참가한다고 함
   - 극소수의 blockchain community member로 전 세계 major coiner의 50%의 network를 보유하고 있음

• Next step
  1. Network 및 경력의 검증이 필요
  2. 1의 검증이 사실이라면, early stage의 모델 보다는 어느정도 진행된 후에 joker로서 기대 가능",0,Moojin Ian Choi,https://www.facebook.com/photo.php?fbid=10156004016876047&set=gm.1821961328098404&type=3, None:https://www.facebook.com/photo.php?fbid=10156004016876047&set=gm.1821961328098404&type=3,2018-03-21T01:34:03+0000
1801883896772814_1821326944828509,Photos from Moojin Ian Choi's post,"03/19 (월), Day1 
Private Event “IMMUTABLE"" (8:30AM-8:00PM) 참석

참가 목적: 
- ICO advisory 뿐만 아니라 VC, 운용사들과 행사중에 만나서 Crypto/ICO투자, 블록체인 업체/기업에 투자 관점에서 networking

Key point:
Caspian, CEO - Robert Dykes
- 암호화폐의 제도적인 거래를 통해 거래소와 거래자들 간의 유틸리티 활성화
- 실질적으로 Top down 방식이 활성화되고 있으며 CME 등의 선물거래가 그걸 증명하고 있다고 함

PwC, Fin-tech Lead - Henri Arslanian
1. 현재 ICO와 관련하여 어느 국가든 법률적 규제와 관련하여 명확하지 않기 때문에 전문가는 존재하지 않음
2. ICO 사 주의 사항
- 세금 및Valuation 산출 방안
- 사이버 보안(토큰의 사전 해킹 여부 및 ICO 후의 해킹 가능성)

Meet up:
Global Brain, Taka 
- early stage 투자사로 국가별 투자 시 현지 사무소와 각각의 분야별 담당자가 공동으로 조사 및 분석을 진행한다고 함
- 블록체인 엔지니어 공급 국가로 베트남과 인도를 추천함
- 미국 스타트업 투자 시 series B, C 정도 되야 해외로 진출하려던 사례가 있기에 해외 진출을 노리는 스타트업에 대한 투자를 권함

Kenetic, CEO - Daniel Weiberg
- 블록체인 advisor 및 투자사로 홍콩 내 규모가 큰 편
- 블록체인 advisor 및 partner로서 역할 수행 가능
- 10여명의 엔지니어를 보유하고 있음
- Deconomy 2018에 참석하며 지속적인 네트워킹 예정

Caspian, COO - David Wills
- 블록체인 advisor 및 투자사
- 블록체인 advisor 및 partner로서 역할 수행 가능
- Deconomy 2018에 참석하며 지속적인 네트워킹 예정

Digital Currency Holdings， CEO - Steve Bellotti 
- cryphto fund를 운영 중
- 국내의 미래에셋, 메리어츠 증권 등의 금융사와 관계가 있다고 함

3/20(화) Day2 일정

ANX International - B/M  
ANX international: ICO Advisory, 플랫폼 개발, exchange 등을 하는 규모가 큰 회사로 160여명의 직원으로 구성 

Ippon Stack - B/M 
Ippon Stack: ICO Advisory, 플랫폼 개발, exchange 등을 하며, 10여명으로 구성

Belkin Marketing  - conference call
Bellkin Marketing: ICO PR Marketing 전문 회사임. 주로 샌디에고, 모스크바, 홍콩 등에서 사업함.",0,Moojin Ian Choi,https://www.facebook.com/photo.php?fbid=10155998693576047&set=gm.1821326944828509&type=3, Photos from Moojin Ian Choi's post:https://www.facebook.com/media/set/?set=pcb.1821326944828509&type=1,2018-03-19T15:02:51+0000
1801883896772814_1821196698174867,"Hỏi bác sĩ, chọn phòng khám, xét nghiệm, chữa bệnh, chăm sóc mẹ bé | ViCare","[Vietnam_Healthcare] ViCare
*ViCare에 투자하려던 KB인베가 인사이동으로 인해 딜을 보류하게 되어 투자기회 발생 -->  Series A 전체 투자금액 $1.5M에 남은 룸은 $350K이며 1~2개월 내 클로징 예정
(Series A Investors: CyberAgent, 본엔젤스, VSP넥스트랜스, Otium Ventures, Framgia)

Overview
 - 3C (Content, Community, Commerce) Health and Wellness Platform
 - 의사/병원/질병/약품 정보, 병원 예약 서비스, 원격 진료 및 Q&A, 방문 검진 및 치료 제공 
 - 베트남 내 독점적 1위의 의료 컨텐츠, 병원 및 의사 네트워크, 방문자수를 지닌 업체 
 - Management: McKinsey 및 Lazada (Head of Marketing) 출신 CEO/Co-Founder. 아버지가 하노이 의과대학 총장이셔서 깊고 넓은 업계 네트워크 보유 
 - Peers: (local) Hellobacsi, Alobacsi (global) Ping An Good Doc, WeDoctor, Chunyu Yisheng, Practo 등 
 - Investors: CAV, Pix Vine Capital, Hung Dinh, Quang Phung, Tung Hoang 

Next Step 
 - Vicare에서 플랫폼 이용자들의 데이터를 활용하여 정기 검진 등의 프리미엄 건강 관리 및 생명/건강 보험 등의 사업 분야로 확장 중
(*구글 번역기 필수* 사이트 내 보험 섹션: https://vicare.vn/bao-hiem/) 
 - 베트남 및 보험 관련 다른 팀들과 협업가능성 및 투자 기회 검토",0,YD Choi,https://vicare.vn/," Hỏi bác sĩ, chọn phòng khám, xét nghiệm, chữa bệnh, chăm sóc mẹ bé | ViCare:https://l.facebook.com/l.php?u=https%3A%2F%2Fvicare.vn%2F&h=ATOh73DB6iQJbG1FQ-pdXPDe35cvfZyebeNRf4hRbz8W0wDnQmKjoTx5qD_fMEGm2FaFAkTi8c_3hN-74eAMaLnI-3P1OzamUHqkgtRkU5V7u0o&s=1",2018-03-19T07:54:20+0000
1801883896772814_1820492248245312,Who is competing with Uber? | CNBC Explains,0, Sung Joon Choi:https://www.techinasia.com/jd-gojek-round-information Sung Joon Choi:cash가 어마어마하게 들어가는것 같습니다 Sung Joon Choi:https://m.phys.org/news/2018-03-uber-southeast-asia.html Sung Joon Choi:지역적으로는 우버가 힘이 약간 딸리는것 같구요.. didichuxing한테 20%stake받고 중국사업권을 넘겼는데 grab이랑도 비슷한 딜을 하려는것 같습니다,김동영,https://www.youtube.com/watch?v=g1dTjROL8Uc&feature=share, Who is competing with Uber? | CNBC Explains:https://l.facebook.com/l.php?u=https%3A%2F%2Fwww.youtube.com%2Fwatch%3Fv%3Dg1dTjROL8Uc%26feature%3Dshare&h=ATMr9SivijLwivoYCPCJkqSt8P_j0xOPxuFLbCKmg3iF6RZ1M2EIMMloUc9U38DDLRMUgtFQ9h7jePj60LwKA9aICii7s7Ro4gvSvLJSNlHYHTk&s=1,2018-03-17T12:08:52+0000
1801883896772814_1820060181621852,Photos from Sung Joon Choi's post,"#Singapore #money2020 #fintechconferece

싱가포르 money2020 출장팀 무사히 귀국하였습니다.

많이 인사이트와 지식을 얻고 돌아왔습니다.

소중하누기회를 주신 모든 분들께 감사드립니다.

감사합니다.",0,Sung Joon Choi,https://www.facebook.com/photo.php?fbid=161251164686930&set=gm.1820060181621852&type=3, Photos from Sung Joon Choi's post:https://www.facebook.com/media/set/?set=pcb.1820060181621852&type=1,2018-03-16T09:39:13+0000
1801883896772814_1820050881622782,0,"[Fintech_Payment] 
싱가포르 Money20/20 미팅 업체 공유 드립니다. 간단한 Booth미팅 이었기 때문에 요약정보 위주로 작성 하겠습니다. 
#CurrencyCloud #UK #B2BPayment
- 미팅대상: Stephen Lemon(CoFounder)
- Found: 2012
- CurrencyCloud는 B2B 대상 payment 플랫폼 제공 업체이며, 고객들에게 Payment & Currency Conversion API 제공
- 가장 최근 round는 2017.5 Series D 였으며(£20M), 가장
 최근 financing은 2018.1 채권발행 (€5.7M)
- 올해 내에 Series E 예정이며, VC들을 통한 FI도 좋지만 CVC를 통한 전략적 펀딩을 더 선호 한다고 하였음

<Takeaway>
- 기술력과 기반이 탄탄한 기업인 만큼 향후 사업 영역을 어떻게 확장하는지 지켜볼만 하다고 사료됨
- investment opportunity 측면에서는 1년 안에 2차례 financing을 하였으며(2017.05, 2018.01), 올해 내로 1차례 더 한다고 하였음. 따라서, 어떤 목적을 가지고 series E funding을 받으려 하는지, 그리고 과거 1년동안 2차례 받은 funding을 어떤 용도에 쓰고 어떤 성과를 냈는지 역시 알아볼 필요가 있다고 사료됨

#Obank #SouthKorea #JBFinancialGroup
전북은행 등을 소유하고 있는 JB Financial Group과 Booth 미팅을 진행하였으며 한국기업인 점을 고려하여 간략한 질의만 하였습니다.
- Obank라는 Open Banking Platform 브랜드 런칭하였음
- basic idea는 Obank 플랫폼을 사용하는 기업 고객들로 하여금 3rd party digital channel에 있는 다양한 핀테크 업체들을 디지털 은행 branch같이 활용할 수 있게 한다는 것임
- 기술적 측면 외에 주목할 만한 점은 캄보디아 은행 (PPCP, 캄보디아 프놈펜 상업은행)과 새롭게 런칭한 서비스임
.....PPCB는 JB금융지주와 아프로서비스그룹이 형성한 컨소시엄이 인수한 캄보디아의 은행이며 캄보디아의 36개 commercial bank 중 10위권의 은행이었음 (전북은행 50%, 아프로파이낸셜대부 40%, JB우리캐피탈 10% 지분율)
..... 2016년, 2017.09 2회에 걸쳐 JB X 아프로 컨소시엄이 총 $56M 유증 실시 (지분율 대로 유상증자 실시)
- PPCB를 활용하여 cross border 송금 서비스 런칭하였음 (SWIFT망 사용 안하며 구체적 technology는 미팅한 담당자가 알지 못하는 영역임)

<Takeaway>
- 은행들이 조금씩 alternative remittance 영역에 진입하고있는 추세임
- 싱가포르 base의 DGB는 multi-currency card를 만들어 DGB 카드 홀더들로 하여금 세계 어디에서든 현지 통화를 결제 할 수 있게 끔 해주는 서비스를 제공하고 있음
- 현재 전체 시장에서 약 10%정도를 차지하고있는 fintech startup들의 송금 m/s를 은행들이 어떻게 대응하는지 지켜볼 필요가 있어보임",0,Sung Joon Choi,0,0,2018-03-16T09:24:00+0000
1801883896772814_1820050091622861,Photos from Joo Jung Ho's post,"[신기사 기업 IR 참관 : VITCON]

3.15 증권 신기사 VITCON IR 참관
(Fundraising 50억원)

1. Business Description
- 고비용, 장시간 소요되는 IoT 시스템 구축을 저비용 단기간에 구축할 수 있는 서비스 제공
- 중소기업을 위한 스마트 IoT 통합 솔루션 제공 (제어모듈, 클라우드 서비스, 통합 개발환경)

2. Key Statistics & Performance
- '17년 매출 24.27억원 / 순이익 1.44억
- '18년 목표매출  118억 / 순이익 24.9억
- '17년 하반기 신용보증기금 '퍼스트펭귄' 기업 선정 

3. Key Questions(신기사)
- 후발 경쟁에 대한 대응 
- 클라우드 서비스 수익 및 비즈니스 모델",0,Joo Jung Ho,https://www.facebook.com/photo.php?fbid=10155865328593127&set=gm.1820050091622861&type=3, Photos from Joo Jung Ho's post:https://www.facebook.com/media/set/?set=pcb.1820050091622861&type=1,2018-03-16T09:20:30+0000
1801883896772814_1820021341625736,0,"#Fintech #Payment #Solution #TransferTo #송금
[Fintech_Payment] ""TranferTo"" 
싱가포르 현지 업체 booth 미팅 결과 공유 드립니다.

<Overview>
- Found: 2005
- What They Do: M-wallet, 은행, 송금업자들에게 solution 제공 (data flow solution이며 cashflow는 제공하지 않음)
- Solution: processing, settlement, compliance(AML, KYC등) 지원
- 135개국, 100+ 통화에 대하여 solution 제공
- 제휴: mWallet, 은행, Cash pick-up 업체, cross border 송금업체, 기타(Booking.com, Grab, Paypal 등)

<Performance>
- Transaction Volume: 누적 거래량 450M건
- Revenue 창출 루트: 솔루션 제공 수수료 + 거래 건당 수취 수수료가 main

<Next Step>
- business regional expansion 계획 중 (한국에도 관심)
- 추가 논의 사항에 대해서는 conference call로 하기로 하였습니다.",0,Sung Joon Choi,0,0,2018-03-16T07:24:58+0000
1801883896772814_1820001441627726,0,"’18.03 싱가포르 출장 일정 일부 공유 드립니다._3

먼저 SEA 페이먼트 업체들을 통해 얻은 동남아시아 관련 페이먼트 B2C시장에 대한 저의 Insight 공유 드립니다:

Difficult Market for Small Players
-동남아 e-Wallet 및 페이먼트 플랫폼 시장은 Alipay, WeChat Pay, GrabPay 등 Key Player들이 장악할 것으로 예상됨, No room for minor players to make revenue

Why So Difficult?
-페이먼트 B2C 서비스는 1) Users 2) Merchants를 acquire하는 것이 Key Factor인데, 
:中Alipay (User acquisition through Taobao / Has liquidity for acquiring merchants & banks) 와 WeChat Pay (User acquisition through WeChat)등이 bank, merchant, teleco acquirement를 동남아시아 지역에 추가 확장 시, SEA M/S가 대단할 것으로 보이며
SEA기반 업체들은 이에 대비 각자의 경쟁력 확보하기 위한 전략 수립이 급구함

(아래 업체 포함) 다수의 SEA small players는 B2B wallet OS 솔루션 및 open API access 서비스 확장 전략에 나서고 있으며 해외 사업 또한 라이선스 (뱅킹, 송금 등) 취득 국가를 늘리는 등 B2B 측면에서의 market presence 및  networking 확장에 힘쓰고 있는 것으로 느껴졌습니다.

아래 싱가포르 기반 페이먼트 업체 미팅 노트 공유 드립니다.

#MatchMovePay
#Payment #API #EWALLET

-’09년 EY 및 PwC Singapore등에서 컨설팅 배경을 가진 인도 출신 설립자Shailesh Naik가 창립한 게임/엔터테인먼트 업체(당시 Vickers Venture로부터 투자 유치)가 ‘14년 Putting a Bank in Any App 철학과 함께 페이먼트 업체로 전환
-이후 Credit Saison , GMO VenturePartners로부터 투자 유치 / ‘17년末 기준 유저 트래픽55M (Annual Growth +1,278%) 
-사업모델은 B2B (whitelabel) API 솔루션 제공이 큰 비중을 차지
: B2C 모바일 앱 서비스는 싱가포르 내에서만 제공 (Payment/Remittance/Micro-lending)
: B2B 사업 API (MatchMove OS)는 이커머스, 물류, 리테일 등의 Client Target 섹터군 보유 / 현재 싱가포르 (HQ), 인도, 인도네시아, 필리핀, 베트남, 미국, 칠레에 서비스 제공하고 있으며 ‘18년 Q4까지 말레이시아, 브라질, 두바이, 호주 등에 사업 확장 예정

What We Can Do
-해당 업체는 향후 MasterCard와 제휴한 pre-paid 계정으로 ‘unbanked’ 고객군을 타깃할 계획, 관련 타깃 군에 대한 전략 및 Crypto Payment 관련 (내부 TF팀 구성 중) 움직임 또한 모니터링
-‘18년 Q3, Series B 펀딩에 참여할 예정인 인도, 인도네시아 기반 은행 및 일본 Credit Saison의 follow-on 여부를 검토하며 업체에 대한 추가 MI 진행",0,Allison Young Eun Moon,0,0,2018-03-16T05:50:20+0000
1801883896772814_1819757494985454,Photos from Soohyun Park's post,"[신기사 기업 탐방 : Minders]

3.15 증권 신기사와 방문한 마인더스에 관한 내용 공유드립니다.
.

1. Business Description
..-Theratainment(Therapy + Entertainment) 표방
..- 미국 NeuroSky로부터 공급받는 EEG 칩(뇌파 측정 칩)이 탑재된 뇌파 측정 헤드셋 디바이스를 바탕으로 생애주기별 콘텐츠를 융합해 제공
..- 콘텐츠 상품 라인업
....1) Kids : 카 레이싱 게임 2종(B2C, B2B에 집중)
....2) Silver : 치매 예방 램프, 인지 훈련(B2B, B2G에 집중) 
.

2. Key Statistics & Performance
..- 수주 과제 : 리우올림픽 국가대표 양궁 선수 뇌파 훈련 / 분당 노인 복지관 두뇌 특강 / 뇌파 레이싱 게임
.

3. Financing History / Valuation
..- 자본금 3억 300만원
..- 지분 구조 : CEO > NeuroSky 대표 > 애니메이션 회사
..- 현재 series A (업체측 의견)
..- 투자 유치 희망 금액 : 15-20억원
.

4. Key Questions(신기사)
..- 기술의 원리 및 신뢰성에 관한 질문
..- 원천기술(EEG칩) 관련 질문
(원천기술을 보유하고 있지 않은 리스크가 있음)
..- 회사 지분 구조와 관련된 질문
..- 타사와의 차별성에 대한 질문
.

자세한 내용은 아래의 첨부를 확인하시기 바랍니다.

감사합니다~"," Soohyun Park:카 레이싱 게임에 대해 부연 설명하자면, 뇌파를 측정해 집중도(몰입)가 높을수록 레이싱 카가 빨리 가는 방법으로 진행되는 게임입니다. 나름 장애물도 있고 좌우 방향 전환은 키보드를 통해 하는 것이라 쫄깃한 재미가 있었으며, 집중할수록 게이지가 차서 빨리 가는 것이 신기하긴 했습니다. 인상적인 점은, KBS 어린이 애니메이션인 롤러코스터보이 노리의 ip를 활용해 레이싱 게임을 만들었다는 점입니다.",Soohyun Park,https://www.facebook.com/photo.php?fbid=1675883939192885&set=gm.1819757494985454&type=3, Photos from Soohyun Park's post:https://www.facebook.com/media/set/?set=pcb.1819757494985454&type=1,2018-03-15T15:29:20+0000
1801883896772814_1819634574997746,0,"[Healthcare] KIMES 2018(제 34회 국제 의료기기 병원설비 전시회) 주관 세미나 요약

금일(3/15) KIMES 2018에서 주최한 세미나 참가한 내용 요약본입니다. 

<개요>
KIMES는 한국 최대 의료기기 및 병원설비 전문전시회임(2018/3/15~17, COEX)

<세미나 Overview>
- 헬스케어 산업 내 디지털화, 즉 디지털+헬스케어로의 산업의 흐름은 인구고령화, 4차산업혁명 등의 메가 트렌드에 따른 불가결적인 흐름임
- AI, IoT/Wearable, Blockchain, Digital Hospital 등을 중심으로 산업이 점차 확대 될 것
- 특히 한국은 인구 고령화가 가장 빠른 국가이며 GDP대비 의료비 증가세가 높은 상황임
- 하지만 '의료 기기' 등 디지털헬스케어 산업의 주도적 역할을 해줄 시장은 산업의 중요성 대비 R&D투자 규모가 미미하고 소규모 업체 중심으로 구성되어 있으며 최고국 대비 기술 수준 격차가 큰 상황
- 이에 정부는 범부처 의료기기 R&D통합사업 등을 추진하고 있음. 다만 실제 투자 결과가 가시화 되는 시점은 2020년 정도가 될 것

<세미나 요약>
I. 헬스케어의 미래,디지털기술을 통한 가치창조(IBM Korea, 김경전 상무)

1.글로벌 헬스케어 시장
글로벌 헬스케어 시장의 구동인자는 아래 7가지로 보고 있음
1) 디지털 경험을 가속화(Accelerating DX)
2) 인간 vs 머신: AI와 자동화에 따른 영향(Human vs Machine)
3) 감지, 분석, 작동(Sense-Compute-Actuate): 데이터 중심의 새로운 패러다임
4) 사이버위협(Cyber Threats): 도난, 랜섬웨어, 사이버공격 등 증가 
5) 물질 세계의 역량 강화(Empowering the Material World): 혁명적인 프로세스로 기술도달범위가 확장됨
6) 고객의 기대수준(Consumer Expectations): 편의성, 선택범위, 커스터마이징, 제어성 등에 대한 기대 증가
7) 지속가능성(Sustainability): 비용증가 및 질병에 대한 부담

2. Asia Pacific 헬스케어 시장 전망(일본 제외, 2018~2022)
1) 2019년, 생명공학 및 헬스케어 기업, 환자, 병원 등에서 디지털 모바일 활용도가 50%이상 증가할 것(브랜드 호감도, 임상시험자 모집, 약물치료 순응도 등을 향상)
2) 2020년, 헬스케어 기관의 10%가 운영관리/환자정보에 블록체인 기술을 활용할 것
3) 2020년, 200병상 이상의 병원의 약 17%가 단순업무, 인력절감, 에러방지에 로보틱스를 활용할 것
4) 2021년, 디지털헬스케어 서비스가 아태 지역 의료지출의 10%를 차지할 것

3. 변화하는 헬스케어 시장의 모습
- 한국의 헬스케어 산업은 급속하게 성장할 것으로 전망됨(연평균 7.2% 정도). 세계에서 가장 빠르게 고령화가 진행되고 있으며 OECD국가 중 GDP당 의료지출이 가장 빠르게 늘어나고 있기 때문임
- 글로벌 헬스케어 시장 전반적으로 만성질환이나 생습관병(Chronic and Life Style Disease)들이 늘어남에 따라 건강보험의 재정 부담 증가하고 있음
- 또한 기술의 발전에 따라 비용 효율적으로 헬스케어 산업이 변화하고 있음. “Care” 즉 보험 등에 대한 비용을 낮추기 위한 노력들도 지속되고 있으나, 반면 관련 기술은 아직 부족한 상태임
- 결국 헬스케어 산업의 가치창조 원천이 되어줄 것은 무엇보다 ‘디지털 기술(빅데이터, 예측분석, 인공지능, 모바일)’임

4. 디지털 헬스케어 시장
- 선도적 기관들을 중심으로 디지털기술을 활용해 헬스케어 경험에 대한 변화를 이끌어 내고있음. 
예시) Medtronic는 저혈당 당뇨병 환자의 수치를 미리 인지해 알람을 제공하고 Alder Hey Children’s는 아바타 진료기술을 도입해 아이들을 치료 시 아바타 이미지를 제공해 진료/치료 과정동안 즐거운 경험을 제공해 두려움을 없애주는 기술을 제공하고 있음

5. 기술 별 적용 방안
1) AI: 가장 큰 화두는 진단과 이미지임. 병원과 IT기업, 스타트업들의 연계 가능성이 높을 것. Ex) 인지 컴퓨팅 기술을 활용한 심혈관 이미징, 심장소리를 이용해 유사한 환자 찾기 등
2) Digital Hospital: 병원 내 모든 장비를 디지털화해 하나의 통합 프로그램으로 연결해 모든 의료 정보를 네트워크화. 이를 통해 진료의 효율성을 높임
3) IoT/Wearable: Wearable기기, 모바일솔루션, IoT기기들의 연계. 현재는 개인의 건강관리 위주로 사용되고 있음. 향후에는 이를 통해 환자의 상태/정보를 모니터링 하는데 사용할 것으로 예상됨. 또한 노인을 위한 안전넷(Safety Net)제공(노인들에 대한 원격진료, 실시간 건강 모니터링 등), 의학적 사건의 조기발견, 당뇨병 관리에 대한 새로운 접근등이 가능할 것
4) Blockchain: 일반적으로는 금융/물류에 주로 적용하고 있는데, 최근에는 제약사와 미국 FDA간의 임상실험 결과 등의 데이터 공유 등에 활용하려고 함. 간단하게 말하면 기존에는 중앙집중화라 해서 과별로, 혹은 병원 단위로 통합해서 의료 데이터를 관리하고 있는데 여기에 블록체인 기술을 활용하게 되면 모든 의료행위들이 다 기록됨(치료, 약 처방 및 수납기록 등) 이 정보를 병원과 환자 혹은 제약사들과 공유해서 기록 조작은 막고 정보를 안전하게 보관할 수 있음

II. 디지털헬스 의료기기에 대한 정책 및 산업육성 계획(과학기술정보통신부, 최진혁 사무관)

1. 범부처 의료기기 R&D 통합사업 추진 배경
- 글로벌 의료기기 산업 시장 성장과 국가간 무역 증가에 따라 의료기기 산업에 대한 관심도 증가
- 지속적 의료비 증가로 인해 국민의 부담이 가중되고 있음(경제 성장률 대비 의료비 상승률이 높음)
- 하지만 한국의 경우 산업구조가 취약하고, 낮은 기술수준 및 큰 격차를 보이고 있음
- 4차 산업혁명, 노령화 등에 따른 의료기기 산업 생태계 변화 적응이 필요한 상황임
- 이에 국가적 차원의 적극적인 R&D지원 사업을 계획하고 있음

2. 추진 필요성
- 기존에는 여러 개의 부서가 단계별로 지원분야가 달라서 불편함이 많았음. 기존의 불편함을 개선하기 위해 전주기 지원을 통한 성과제고 및 효율성 증대 기대
> 기존: 과기부 (기초/응용연구) – 산업부(제품화/임상허가,인증) – 복지부(보험통제 사업화)

3. 주요 사업
- 시장친화형 글로벌 기업 육성(World Best): 관련 시장이 형성되어 있고 국내 기업이 산업을 영위하고 잇는 전통 의료기기 산업. 국내 제품의 낮은 경쟁력으로 수입 규모가 큰 제품. 기업 및 현장의 기술개발 수요를 기반으로 하는 목적 사업
- 4차 산업혁명 및 미래의료환경 선도(World First): 인공지능, 빅데이터, 로봇 및 신소재 기반의 의료기기 제품
- 의료 공공복지 구현 및 사회문제 해결(공공복지)
- 의료기기 사업화 역량강화(인프라): 단순히 R&D에만 그치지 않도록 사업 목표가 뚜렷한 사업 위주

4. 시행현황
2018년 4월 예비타당성 조사 신청을 목표로 기획을 추진하고 있음",0,Yoonji Kim,0,0,2018-03-15T09:01:05+0000
1801883896772814_1819287521699118,0,"본보고서는 투자검토의 시간적인 제약이 있어 요약 버전으로 작성했으며, 투자 컨센서스가 진행되면 자세히 작성하겠습니다.

개인의견(투자추진 타당):
푸드메이커는 위쿡을 통해 소자본 마이크로 창업 실현과 창업 실패확률 최소화 가능함, 또한 주요 집중 육성 분야인 식품제조업을 통해 각종 리테일 대기업에 PB상품 제공이 가능하며, 공유식당으로 백화점/코워킹스페이스/호텔 등의 푸드코트 대체 수요 존재함. 
물류시스템 구축/공장 인프라 구축/백데이터 시스템 구축 등의 달성과제가 존재하며, 식품위생 사고 발생시 위쿡 브랜드 이미지 손상 및 요식창업 특성상 제품 차별화가 힘든 점 등의 리스크가 분명히 존재함.
하지만 투자를 통한 협업 가능성에 있어서, 단기적으로 고가시장에 타겟팅 되어있는 중식당’티원’등 자사가 보유한 브랜드의 R&D지원을 통해, 중저가 시장을 겨냥한 티원&위쿡 콜라보 상품을 개발하여 집에서 맛볼 수 있는 ‘티원 탕수육’ 등을 제공, 시장 확대가 가능하며, 크라우드펀딩 플랫폼 후원형에 적합한 푸드 컨텐츠 소싱이 가능할 것으로 판단됨.
또한 중기적으로 드림플러스 강남, 63 푸드코트 및 호텔&리조트의 일부 매장 등 유후 부동산 공간을 위쿡 공유식당으로 사용하여 컨텐츠 차별화 및 유통채널 다각화를 통한 고객접점 확대가 가능함. 
추가적으로 GEP프로그램을 통한 위쿡과의 해외진출이 가능하며, 실제로 K-Pop에 의한 K-Food의 수요가 증가되고 있음. 예로 중국 상해에 한 업체가 부동산을 저렴한 가격에 제공해주고 중국 푸드메이커들에게 K-Food 인큐베이팅 해줄 것을 요청했음(중국은 지역마다 음식의 맛도 현지화할 필요가 있음)
*따라서 자사가 보유한 인프라의 적극적인 활용도과 곤조있는 Founder의 업무스타일로 봤을때 위쿡의 빠른성장은 이상없을 것으로 판단되어 이번 시리즈a 투자검토가 타당하다고 판단됩니다. 
증권 신기사와 긴밀히 공유 협업하여 next step 진행할 수 있도록 하겠습니다.

1. 개요:
위쿡 wecook
- 70억원 밸류
- 시리즈a 60억원 투자유치 진행 중
- 현재 45억원 유치 성공, 15억원 투자 가능
- 매년 16만 8천명 푸드창업, 그 중 5년 이내 90%가 폐업
- 미국의 푸드인큐베이터 유니온키친 졸업생의 경우, 5년내 생존률 90%
- 미국 대표적인 푸드인큐베이터 유니온키친과 졸업생 네트워크 공유하고 있음
- ‘맛’과 ‘위생’을 동시에 충족하는 브랜드 배출을 위해 엄격한 심사 기준에 걸쳐 졸업생 배출 
: 인큐베이팅 프로그램 25% 졸업, 75% 졸업 실패
: 센터당 약 12개 팀 운영(탈락업체 수 만큼만 추가 모집) 
- ‘위쿡’보단 푸드메이커 각각의 브랜드 이미지 제고
- 국내 포화상태인 음식점업 보단 사업확장성 측면에서 유리한 식품제조업 위주의 인큐베이팅 진행
: 베이커리/도시락 등 HMR시장은 중소기업 적합사업으로 대기업 직접진입 불가

2. 위쿡의 현재 가동중인 두 가지 주요 비즈니스모델 대한 사업 확장성 검토: 
a)공유주방:
*롯데마트(주주) 및 GS(협의중) 등 리테일 대기업의 PB상품 아웃소싱 등 협의 중이며, 온/오프라인 유통 다각화 가능한 식품제조업을 중점적으로 육성 중, 또한 Specialty Food만 판매하는 위쿡몰 런칭을 통한 브랜딩 계획.
긍정적 요소:
1) 멤버쉽 fee 수익모델로 고정 수익 창출 가능 
2) 식품제조업 브랜드(와디즈 간장성게 등) 육성을 통한 대형 유통사(GS리테일/GS24)의 PB상품 아웃소싱 판매 및 유통
- 유통기한 및 관리유지 용이한 대량판매 상품을 롯데가 보유한 생산공장 활용하여 유통 가능
3) 위쿡몰 런칭(4/2 런칭 예정) 후, 스타브랜드 육성을 통한 소량 자체생산하는 독점 상품(specialty food) 판매 계획
4) 유사서비스라고 볼 수 있는 플레이팅의 경우, 플레이팅은 쉐프의 완성품 요리를 배송해주는 특성상, 시간적/거리적인 제한이 있는반면, 위쿡 공유주방을 통해 생산된 HMR상품은 상대적으로 서비스 제공범위가 광범위함
부정적 요소:
1)물류 인프라 미 구축으로, 신선도 유지 배송 및 가격 경쟁력 유지 가능여부 확인불가
2)위생문제 발생 시, 위쿡 전체 브랜드 이미지에 심각한 타격 우려
3)요식창업 특성상 제품 차별화 힘듦
4)타 리테일 대기업과의 직접협업 시, 매출 정산 등 관리 가능 여부 우려

b)공유식당: 
*각종 공유오피스와 부동산에 차별화된 푸드코트 입점 수요가 최근 크게 증가하고 있는 추세이며, 현재 다양한 대기업과 위쿡 공유식당 입점 논의중, 공유식당을 통해 위쿡 브랜드 제고 및 푸드메이커의 시장진출 전 실질적인 최종 마켓테스트 가능하여 매출 증대보다 위쿡 및 푸드메이커 브랜드 홍보에 효과적일 것으로 판단. 
긍정적 요소:
1) 부동산과 계약시, 2~3년의 임대료 무상지원 및 기초설비 무상지원을 통한 빠른 사업 확장성 보유 
2) 공유식당(푸드코트)을 통한 상품 판매시, 약 20%의 판매수수료 수취후 부동산과의 수익 재분배하는 방식으로 푸드코트의 판매에 지원 가능한 홍보마케팅 등 적극 지원 예상 
: 롯데마트, 야놀자 avenue등에 푸드코트 형태로 입점
3) 진주햄에서 식자재와 푸드트럭 무상제공하여, 진주햄 브랜드 홍보 및 푸드메이커의 마이크로창업 지원 
4) kt에스테이트 등 부동산 보유 업체에서 f&b 대행업체 수요 존재하며, 각지역 상권별 상이한 수요에 따라 다양한 컨텐츠 소싱 가능
5) 유사서비스라고 볼 수 있는 오버더디쉬의 경우, 이미 인지도 보유한 식당 편집샵으로 상품 차별화 불가능하나, 위쿡에서 운영하는 공유식당의 경우 지역상권에 특화된 신진푸드브랜드를 통해 MD 차별화 가능
부정적 요소:
1) 매출 수수료 수익모델로, 실제 매출로 직결되는 푸드메이커가 시장에 대한 맛으로서의 파급력이 필요하나, 아직까지 스타브랜드 부재
2) 부동산 건물주들의 공간 및 기초설비 무상제공 가능여부 불확실 
3) 음식의 맛을 인큐베이팅 해주는 R&D코치의 역량 확인 불가 및 이직률이 잦아 푸드메이커의 실질적인 인큐베이팅 가능여부 우려",0,이규현,0, WECOOK_IR_v.180111_v.03.pdf · version 1:https://l.facebook.com/l.php?u=https%3A%2F%2Flookaside.fbsbx.com%2Ffile%2FWECOOK_IR_v.180111_v.03.pdf%3Ftoken%3DAWz1aBN1iUcV6hFx4--WrXCQc0pcLIzrWA-jIJUam_092zZCybC0dSTlpbVmQ27JYwuQQJ2SHnC0VIb26p0TCuQU7qXEkgLllzBWo0Btg81nGaZPkXMtKG_prHYbmVYv9Tq_BWAXFBI8VKobBR22NoC3uSCjcedL2kp9Qr-HSTCAmxuclbswGLxsrWZmqYeyAvl0IsMZfBiolGwldMJOtLm1Nf62qOoa7KMKwS90Gwgr5g&h=ATPCwl2bUpnGHmqv96Wq7gipczzNmBDV_pBc7yok8j4VqZsuauTTYhBUGIQiWpAkbVokCP5CzvoP8CvWiHevWDu0m0XFdx8ibRgfEDeo-P9_NiI&s=1,2018-03-14T11:41:16+0000
1801883896772814_1819263025034901,0,"대신증권 김회재 위원 통신서비스/MWC 2018 참관기 요약 (3.13일)
#5G #LTE #MWC 

5G 도입 D-1년으로 5G 기반의 다양한 비즈니스 모델과 구현 가능한 서비스를 MWC 2018에서 볼 수 있었음. 
5G의 초 광대역, 초 저지연, 초 연결로 더 많은 데이터를 더 빠르고 안전하게 보낼 수 있게 되어 기존에 상용화 되기 어려웠거나 실생활 적용에 한계가 있었던 AR/VR, 휴대용 AI비서, 복합명령 인식, 스마트 CCTV, IoT 및 센서 적용산업, 스마트 시티 구축, 자율주행 등 다양한 분야에 확대 적용될 수 있을 것임.    

LTE와 5G 차이 (3대 특징)
- 초 광대역
최대 다운로드 속도 향상 x20배 (LTE 1Gbps > 5G 20Gbps)
- 초 저지연
응답속도 향상 x40배 (LTE 40ms > 5G 1ms)
- 초 연결
제곱킬로미터당 연결가능 기기 확대 (LTE 10만개 디바이스 > 5G 100만개 디바이스)

한국은 올해 6월 5G의 표준이 정해지는 즉시 주파수 경매에 참여하여 19년 3월 전세계 최초로 5G 상용 서비스를 시작할 예정임. 
5G 서비스를 제공하기 위한 기반 이동통신 장비 및 기지국 설치에 국내 통신사들은 각각 10조원을 투자해야 할 것으로 판단됨. 
(4세대 설치 시 통신사 별 투자 비용은 약 6조원)", 김동영:https://goo.gl/24FvD2,Joo Jung Ho,0,0,2018-03-14T10:07:30+0000
1801883896772814_1818985871729283,0,"'18.03 싱가포르 출장 일정 일부 공유 드립니다._2

#SBIVentures #Singapore
#SBI #일본 #싱가포르 #VC

-‘07년 설립된 싱가포르 기반 VC로 핀테크 및 New tech 분야의 아시아 업체에 투자
-SBI-FMO Emerging Asia Financial Sector Fund PTE. Ltd. 를 통해 인도네이사, 인도, 베트남, 필리핀 등 아시아 지역에 집중 투자 (Size: US$100M)
:해당 펀드는 SBI Group + FMO (Netherland’s Development Bank)의 합작으로 ‘16년 InstaReM의 Series B(US$2.5~3M)에 투자
*이를 통해 InstaReM은 SBI Group (SBI Remit 등)의 네트워크 및 네덜런드 정부의 지원을 통한 전략적 협업 가능성 모색 등 일본 시장 관련 라이선스 취득(’18.04완료 예정)을 할 수 있었으며 SBI Remit과의 추가 협업 가능성 또한 검토 중임

What We Can Do
-SBI Holdings & Singapore branch 관련 핀테크 투자 동향 지속 모니터링
-SBI Ventures Singapore n/w를 통한 동남아시아 핀테크 업체 deal pipeline 확보
-InstaReM관련 DD 내용 공유 및 Reference Check 진행, 관련 시장 추가 검토

#GREEVentures
#VC #일본 #동남아 #핀테크 #SaaS

-‘11년 설립된 일본 기반 VC로 일본과 싱가포르에서 펀드 운용 / 운용 펀드는 모두 일본에서 Fund-raised
-일본, 인도 및 동남아 기반 Early ~ Series A (US$0.5M+) stage의 인터넷 및 모바일 업체에 투자
-총 54개 투자 업체 중 9개 Exit 
:Notable investments > Bukalapak, Kudo (’17.04 Grab이 인수), Luxola (’15.07 LVMH그룹 Sephora가 인수) 등
-현재 싱가포르 기반 Fund II (US$70M)를 통해 핀테크, AI, 헬스케어 분야에 투자 
:관련 Insight > 싱가포르 시장에는 Indian 기술자들이 多, SaaS 및 기술 측면 투자를 확장하는 전략 보유

What We Can Do
-동남아 헬스케어 및 싱가포르 기술 인력에 대한 시장 인사이트 및 deal pipeline 공유 기회 모색"," Hyoil Moon:SBI-FMO 처럼 좋은 투자처를 발굴하는 것도 중요하지만, 투자 이후에 어떻게 하는지도 아주 중요합니다. 투자 후 협업을 통해 투자성과도 올리고, 시장에서 reputation 도 쌓아나가야 앞으로 더 좋은 투자기회도 가질 수 있습니다. Vertex에게도 투자 이후에 어떻게 협력하고 있는지 확인 부탁드립니다. 매일 미팅 이후에 공유해주셔서 고맙습니다.",Allison Young Eun Moon,0,0,2018-03-13T16:25:05+0000
1801883896772814_1818965008398036,0,"[Stonebridge Capital 수석팀장 미팅]
.
.
배달의 민족, 직방, 옐로모바일, 플리토, VCNC(비트윈) 등에 대한 투자를 이끈 경험이 있는 손호준 수석 팀장님으로부터 관련 스토리, 노하우를 들어보는 미팅이 있었습니다.

아젠다가 따로 있었던 미팅은 아니었기에 팀장님의 이야기를 주제 중심으로 정리해보았습니다.

*한국형 유니콘
- 글로벌 기준보다는 낮은 3000억 가치 이상이면 한국형 유니콘으로 봄.
- 한국형 유니콘은 향후 더 많아질 것으로 예상됨.
- 플랫폼은 글로벌 확장성이 높고 벤처 시장이 활성화되어 있으며, 한국의 콘텐츠가 매력적이기 때문임.
.

*선택과 집중
- 잘된 스타트업은 계속 잘 되는 구조이기 때문에, (많은 회사에 조금씩 투자하는 것보다) 좋은 회사를 만났을 때 많이 투자하는 것이 중요함. 
- 해외의 좋은 딜에 충분히 참여하기가 어려운 현실임.
- 따라서, 좋은 딜을 만났을 때 팔로우온 투자를 이어가는 것도  방법임.
.

*투자의 철학 수립
- 투자의 목적과 철학이 무엇인지 먼저 정할 필요가 있음.
- 예) early stage 기업만 포트폴리오에 담는다 or 무조건 10배 이상 한다 등등
- 철학없이 무분별하게 포트폴리오를 구성하다보면 복잡해지고 관리가 힘들어 질 수 있음. 
.

*대표이사의 중요성
- 똑같은 시장에서 똑같은 비즈니스를 똑같은 전략으로 전개하는 스타트업이라도 대표이사가 누구냐에 따라 사업이 달라짐.
- 예) 직방, 다방 / 배달의 민족, 요기요, 배달통 등
- 높은 지분을 보유한 대표이사가 카리스마와 통찰력을 가지고 본인의 철학과 전략을 끌고 나가는 스타트업에 투자함. 
- 대표이사가 지배적 지분을 가지고 있지 않은 경우, 효율적이고 빠른 액션이 힘들고 설득의 과정에서 대부분의 시간을 낭비하게 되기 때문임.
- 조직 구성원은 언제든 대체될 수 있기 때문에 조직의 하모니는 중요하게 생각하지 않음. 
.

*요즘 관심있는 스타트업?
- 기투자 스타트업 중 '지그재그'
: 지그재그는 개인 취향 알고리즘에 최적화된 상품을 제공하는 여성 쇼핑몰 모음 플랫폼임. 초기에 투자했는데, 현재 총 거래액 3,500억원 달성(참고. http://news.webdaily.co.kr/view.php?ud=2018013009321870017b682bb492_7)
-플랫폼으로 수요 공급 연결해주는 방식이 아닌, 스타트업이 공급자가 되어 케펙스 투자가 계속 들어가야 하는 모델은 긍정적으로 보기 어려움. 
.

*투자를 위해 중요한 것?
- 밖에서 보는 스타트업은 일부의 정보에 불과함. 
- 직접 만나보는 경험을 많이 갖는 것이 중요함!!
.
.
.
이상입니다.

감사합니다.", 김동영:속기네요!! 고생많으셨습니다.. 될 기업에 집중하는 방법이 사실 상장시장에 적용되는 룰이였지만(concentrated strategy) 이제는 스타트업에게도 적용될 수 있는 시대가 된건 같습니다 더불어 K컨텐츠에 대한 글로벌 수요또한 무시하지 못할 것이구요! 좋은 정보 감사합니다 Sung Joon Choi:혹시 이 대표님이 좋은 스타트업을 선별하는 기준에 대해서는 말씀을 해주셨나요? VC들이 좋은 기업을 선별하는 기준이 큰 틀에서는 같지만 조금씩 차이점은 있는 것 같습니다. 저희도 저희만의 선별 tool을 확립하는 것이 중요할 것 같다는.... 소심한 의견입니다.,Soohyun Park,0,0,2018-03-13T15:31:05+0000
1801883896772814_1818984545062749,0,"#fintech #crossborder #remittance #Singapore #SingX 
[Fintech_Payment] ""SingX"" 
싱가포르 현지 업체 미팅 결과 공유 드립니다.

<Overview>
- Found: 2017.Jan
- Management: Atul Garg (Principal Founder and CEO)
- What They Do: Pre-funding 방식 cross border 송금 업체
.....Current Business: SG에서 5개국 outbound 송금 지원(IDN, IND(주력), HK, MAL, PHIL)
.....예정(Outbound): 올해 2Q 내로 HK outbound, 4Q 내로 AUS outbound 런칭 예정
.....예정(Inbound): 올해 2Q 내로 US, CAN, AUS, THAI, PRC, ROK(한국에서는 MOIN과 협업 논의 중) 송금 수취 서비스 런칭 예정
.....서비스 형태(비중): offline(50%), online(50%), 추후 online 6~70%까지 확대 계획
.....전략: familiar market first strategy (SG에서 인도로 송금을 우선 시행) CEO 및 직원들이 대부분 인도 출신
-license: AUS, HK, SG 보유 중이며, 리투아니아 포함 7개국 apply 하였음 (리투아니아 제외 6개국은 非EU국가)
.....현재 C2C 모델이 주력이며, B2B는 초기 단계임

<Performance>
- 거래규모: 현재 $30M/month
- Revnue 창출 루트
.....FX: FX 리스크는 SingX에 levy되어 있으며, 일정 margin 수취 (고객 offer FX rate는 mid market rate)
.....transaction 수수료: 평균 거래 건당 0.7% 수취, 국가별 상이(ex. IND 0.5%, MAL 0.6%)

<Investment>
- History: 총 2 round funding 하였으며 total funding금액은 약 $7M
.....투자자는 대부분 개인 투자자(mainlly from IB industry)
- 올해 내로 $13M ~ $15M funding round 진행할 예정

<Key Take Aways>
- Business Model은 현재 영업 중인 송금 스타트업 들과 대동소이함
- 차별점은 Founder(CEO): 금일 미팅 참여 CEO(Atul Garg)는 BOA, AMEX 근무 경험 있음(AMEX에 8years, AMEX 근무 시절 담당 국가 중 한국이 있었기 때문에 한국 진출에 대한 needs도 다소 있어보임)
- Co-Founder: 미팅은 불참 하였으나, Morgan Stanely, Credit Suisse 근무 경험자
- 한국 파트너: 대부분 비공개였으나, Henry Kim(ex Credit Suisse), ex Morgan Stanely Korea 근무 경험자가 한국 business 구축에 도움을 주고 있음
- SingX의 Management는 일반적 스타트업의 management 보다는 make it work, 그리고 기타 업체(VC 등)와의 connectivity에 대한 적극성이 떨어지는 것으로 보이며 이는 대형IB, BOA 등에 근무했던 경험이 있었기 때문인 것으로 보임 (기 보유 네트워크 활용)
- 3월12일 MAS에 특허 출원하여 취득하였다고 하며 내용은 비공개

<Strategic Collaboration Possibility>
- B2B 모델은 초기 단계이며 C2C 역시 당사와의 협업 point가 적어 보임. 또한, 현재 유행 중인 BM과 차별점도 뚜렷하게 보이지 않기 때문에 network 측면에서 keep in touch 정도면 충분할 것으로 사료됨",0,Sung Joon Choi,0,0,2018-03-13T16:20:25+0000
1801883896772814_1818851921742678,0,"[AI] #Mythic
AI Alliance Fund 미팅   논의 되었던 스타트업 입니다. 
아직은 조사 초기 단계로 기술적 파급력, 대형사 CAPEX를 통한 기술 복제 가능성 등 Confidentiality를 유지 하면서 전 삼성전자 연구원 및 전 SK하이닉스 연구원과 2회의 걸친 미팅을 통해 GPU시장에 대한 학습과 추가 분석 내용을 보강 하도록 하겠습니다.

- AI의 코어가 되는 GPU 칩셋 개발 스타트업
- 5년간의 연구 끝에 Analog computing기술을 활용하여 디바이스 메모리에 영향을 주지않고 데이터 처리 능력 및 배터리 수명 개선
- 초소형 칩 형태로 디바이스 호환성 高, 고화질 비디오 데이터 인식/처리에 탁월 
- 상용화전 단계로 R&D만 완료된 상태
- 창업자가 박사학위 취득 이후 개발 연구에 매진한 것으로 파악(재직 기간 ~5년)",0,문효빈,0, (fb_문효빈)Mythic.2018.03.13_v1.pptx · version 1:https://l.facebook.com/l.php?u=https%3A%2F%2Flookaside.fbsbx.com%2Ffile%2F%2528fb_%25E1%2584%2586%25E1%2585%25AE%25E1%2586%25AB%25E1%2584%2592%25E1%2585%25AD%25E1%2584%2587%25E1%2585%25B5%25E1%2586%25AB%2529Mythic.2018.03.13_v1.pptx%3Ftoken%3DAWw7YYQRQcyoLKKy7gmpQGixZGLVKLkCYnUm5m9JGWSHeO7xKywqEs6ZBFofGA1k26C3U2eyDV8SK0KvoO2HL9vax-XKIB_yB6Cha5Ul_4yAwXCq9Z984KrUyXWjtxb65zL5iqBx56n9zuaKFTLljabetsRyngnD_GcQu0cTIY4HP5jfgJrGOnH53wei_DwYlShZndXr4xCD6Zj44-vTWxD1rsrTL-tjX6QmeRjbS426Nw&h=ATP6su8_Km73qKgZid9bM4lovCfiAR8j5AuwvtRqf4iwDTf__S1r0W2Xhl0adQc__w3oX-ObrSALO9rZV22SnqeP7qOuzWGYV64GjoZlUkSjvcA&s=1,2018-03-13T10:17:28+0000
1801883896772814_1818508078443729,0,"#payment #fintech #reddotpayment #rdp #hotelpg

[Fintech_Payment] ""Red Dot Payment"" (이하 RDP)
싱가포르 현지 업체 미팅 결과 공유 드립니다.

<Overview>
 - Found: 2011
 - Management: Randy Tan (Founder, 금일 미팅 참석자)
 - What they do: PG Solution 공급 업체
 .....General PG: 현재 시중에 나와있는 PG 사들과 유사한 BM
 .....Hotel PG: RDP 사업 시작모델이며 현재 주력 BM임. (OTA의 정 반대편에 있는 BM; 호텔 웹사이트 상의 직접 예약/결제 solution을 제공하며, 결제 이후 예약내역 및 invoice 발송 및 할인/업그레이드 등의 promotion을 호텔과 연계하여 진행함)

<Performance (Financials)>
 - Globally 11개국에서(PHIL, VN, SG, IDN, THL 등) 100+ 호텔에 solution 제공 중
 - Revenue 창출 루트: 1)Solution setup fee, 2)Monthly fee, 3)Per transaction fee($30cents/transaction), 4)MDR
 .....대부분 수익은 3번과 4번에서 창출됨
 - Expense: 72%(Human Resources, 이중 약30%가 IT 인력), 28%(Others), 현재 수익모델 강화 전략으로 인하여 마케팅 비용은 거의 들어가지 않음
 - 거래규모: '17($400M) '18($750 예상)
 - Key Competitor: 현재 가장 큰 경쟁사는 2C2P(태국) 임

<Investment>
 - Total $5.2M, Series B (GMO, Wavemaker 등)

<Major Shareholders>
 - Randy Tan (Founder): 38%
 - Vice Chairman: 10 ~ 15%

<Key Take-aways (Next step)>
 - RDP는 추후 다양한 시장 충격 요인으로 수익성이(시장, 개별 기업)악화될 것을 예상하여 수익모델 강화에 집중하고 있음
 - 현재 RDP의 대부분 인력은 Product와 Sales 에 치중
 - 올해 2Q,3Q 내에 $10 ~ $15M 추가 funding 예정하고 있으며, 3~4개 VC와 논의 시작단계
 - 투자를 받을 시, RDP 보유 지분은 최소 51% 희망

<Collaboration Possibility>
 - Hotel PG로 사업을 시작하여 현재 주력 business sector 이기 때문에 당사 H&R에 높은 관심을 보였음
 - 기타 협업 가능성은 추후 업데이트 드리겠습니다."," 김동영:Wavemaker를 만나시나요?! 혹 만나시는 일정이 있으시면 해당 스타트업에 투자한 배경과 rationale에 대한 스토리를 들으신다면, 유사 기업 투자 분석하는데  있어서 좋은 레퍼런스가 되실것 같습니다!! Sung Joon Choi:만날 계획은 없습니다. 컨택 해보겠습니다!~",Sung Joon Choi,0,0,2018-03-12T14:56:45+0000
1801883896772814_1818520748442462,0,"’18.03 싱가포르 출장 일정 일부 공유 드립니다.

#InstaReM
#송금 #Remittance #싱가포르

-아시아 최대 수준의 송금업체로 싱가포르, 호주, 홍콩, 미국, 유럽, 캐나다, 인도, 말레이시아 (8개국)에 송금 라이선스 보유 / 60개국에서 수신, 41개국에서 해외 송금 처리 가능 
-총 누적 투자금액 US$18.5M으로 ’18.04 Series C 펀딩(예상 규모 US$30~45M)을 오픈할 예정, Strategic Value-add를 할 수 있는 투자자 要 / Series C펀딩을 마지막으로 ‘20~’21년 사이로 IPO 계획 有
-유럽과 인도에 배치된 약 50여명의 기술 인력(Technical Team)은 총 인력 구성의 30% 비중을 차지
-사업모델은 B2C, B2B로 구성되어 있으며 ‘18년부터 B2B서비스가 60%+ 비중을 차지할 것으로 계획 / Annual Transaction Volume: US$320M 
B2C 서비스InstaReM.com은 KYC등록을 통한 간편 송금 서비스 제공 (송금수수료 0.5%, 송금거래소요시간 평균 24H) InstaPoints, Referrals 등 고객 loyalty 포인트 프로그램 또한 제공
*KYC(Know Your Customer): 고객 기본정보 및 신분증, 신분증을 소지하고 찍은 셀카 등록 등을 통한 신분 확인으로 Customer Due Diligence로 불리기도 함
:Revenue comes from…0.5% 송금 수수료로 인한 수익, Transaction Volume 확장이 Key Factor
B2B 서비스는 호환성이 높은 API 을 통한 송금 망 서비스 제공 (B2B Client로 Ripple, Skrill, CurrencyCloud, WorldPay, Airbnb 등)
:Revenue comes from…US$0.50~2.00 수수료 + FX fee, Transaction Volume & FX margin이 Key Factor

InstaReM의 경쟁력은 라이선스 보유 국가의 협업 은행 NOSTRO계정 활용을 통한 낮은 수수료 및 투명성 높은 서비스 제공에 있음
*은행 partnership 승인 절차는 3~7개월 소요, 업체 규모 및 확장성을 기반으로 평가하여 판단됨 (라이선스 보유 국가에서만 성사 가능)

What’s Next For InstaReM
-‘18년 라이선스 취득보다는 거래 규모 확장에 집중할 계획으로 ‘18년 Q4 ~ ‘19년 초 BEP 달성 목표
-Series C 전략적 파트너 투자사 발굴을 통한 추가 협업 및 지역 확장 비즈니스 모델 가능성 검토

What Hanwha Can Do
-국내 서비스 확장 Anchor Partnership 가능성 및 타당성 (국내 은행 협업 및 라이선스 취득 관련 Regulation 또한 추가 검토) 및 투자 매력도 검토
-확장 계획에 있는 B2B사업 모델의 국내 진입 가능성 및 확장성 조사"," Jong Choon Park:미팅노트 땡큐요^^. Airwallex,  EMQ까지 미팅하면 비교가능하고, 접근관점도 분명해지리라 생각됩니다 TaeHun Lee:Revolut과 InstaRem의 가장 큰 차이점은 B2C와 B2B 중 어느쪽을 더 중점적으로 발전 시키는지가 큰 차이 점인 것같습니다. 향후 InstaRem과의 진행  시 저희의 B2C에서의 강점을 부각시키며 협상을 해야 할 것으로 보입니다.",Allison Young Eun Moon,0,0,2018-03-12T15:32:28+0000
1801883896772814_1818347565126447,0,"[참조]Ping An Healthcare Mgt (Pre-IPO Deal)
: 중국 원격진료서비스를 목표로 하는 핑안그룹
헬스케어사업체의 Pre-IPO건 입니다. 이미 타부서에서 보고 있고,
스타트업이 아닌 점 등  자료만 공유드립니다
(4월 HK상장예정, Pre-Valuation : US$10.5B, IPO공개규모 약 15%지분 US$1.0~1.5B)

원격진료 등 진화하는 중국의 디지터털 헬스케어시장에 대한 참조적 자료로 보시면 되며, 아래 URL은 HK거래소에 공시된 해당회사관련 상세정보이니 관심있으신 분은 열람하시면 됩니다.
(http://www.hkexnews.hk/APP/SEHK/2018/2018012901/Documents/SEHK201801290023.pdf)

더불어 본 회사의 상장은 디지털헬스케어 기업분석에 중요한 Key Stone이 될 것으로 예상됨에 따라, 상장이후에 디지털 헬스케어시장에 대한 높은 관심과 BM 분석결과가 Release 될 것이라는 점에서
긍정적인 효과가 있을 것으로 예상니다",0,김동영,0, 20180208_Life Teaser_vS[4650].pdf · version 1:https://l.facebook.com/l.php?u=https%3A%2F%2Flookaside.fbsbx.com%2Ffile%2F20180208_Life%2520Teaser_vS%255B4650%255D.pdf%3Ftoken%3DAWy4NvACFnNXdiXeuOr_1eDvz48kvtOWieI5nxRXsdE0jJucU7nqq4OS9wBXkOA9fWEqZLskqOF6rcvuBOeG7733EPzOlXN9JKQ9F66_fZQCCll2hAJgq20Z2IQwRo59nr9ouLC0jpOtXBg3afYMAdKnvM-_iQSsLebZAyJ8YyI5FovRUDNcP3ZRXANwzssfi4ctkI4bZSWUa0NcRSXpdsd17vfEhxTBhS9ubcaIHNFuKw&h=ATOW4AKrbPilBa2O2LBrOkLgOoyZBGAYrWl6bFzhbjvSDikA-sCcVHNz4Y4CMdaqOhROmcng_Fz5d3eH2_9vZOQue9r7yBXpgkmr7YVxC8UcDWY&s=1,2018-03-12T08:36:38+0000
1801883896772814_1818327638461773,BIO KOREA 2018 International Convention,"헬스케어+인공지능/빅데이터 쪽 관심있으신 분들은 한번 보시면 좋을 것 같아 공유드립니다. 

대부분의 컨퍼런스 세션들은 대부분 바이오 관련 전문 세션이고, Day 1에 ""헬스케어 분야의 인공지능, 빅데이터 활용""을 주제로 한 세미나가 있습니다.

<2018 Bio Korea>
- Day 1 5월 9일(수) 
- 주제: 헬스케어 분야의 인공지능, 빅데이터 활용
- 내용: 본 세션에서는 4차 산업혁명의 시대를 맞아 주목받고 있는 인공지능 및 관련 기술들이 보건의료분야에서 어떻게 적용되고 있는지 살펴보고자 한다. 의료영상 및 의료정보 등의 빅데이터 활용을 위한 기술 소개를 통해 향후 발전 방향을 조망하고, 국내 및 해외의 AI 기술 활용 동향을 공유한다. 또한, 패널토론을 통해 어떻게 하면 지능형 의료서비스를 적극적으로 발굴하고 병원, 기업, 스타트업 등 다양한 이해관계자들 사이에서 혁신적 가치 창출이 가능한 의료 생태계를 구축할 수 있을지 탐구해보고자 한다.

2018 Bio Korea
",0,Yoonji Kim,http://www.biokorea.org/kr_default.asp, BIO KOREA 2018 International Convention:http://l.facebook.com/l.php?u=http%3A%2F%2Fwww.biokorea.org%2Fkr_default.asp&h=ATPL5k91g5Ca3MpEjOzX0TL9uqXx8mMP2E54-1Rpk-ZaAmPCPMA-Hn5qbdbvVhmIxk9qkfiYVTqiavGB1rmtiOwKmEjtlsp7_AhvB0JzP23h9uk&s=1,2018-03-12T07:28:31+0000
1801883896772814_1816745565286647,0,"[Fintech_InsurTech] My Real Plan
- 마이리얼플랜은 국내최초 보험역경매플랫폼으로서,
고객이 보험상품 니즈를 업로드 하면, 이에 따른 최적의 보험상품을
설계 추천하고 이를 판매할 수 있는 GA대리점을 연결 중개하여
연결수수료를 수취하는 사업모형을 보유하고 있으며,
추가적으로, API 서비스가 있음.(현재, 토스에 탑재, 향후 확대하려고 함)
 
- 현재 생명은 GA채널관련 해당 사업모델과 유사형태의
서비스를 추진하고 있지 않으나, 본 Target의 기술적 강점으로
언급되는 ""스크랩핑"" 기술력은 당사가 내재화 추진 중임
 
- 본 Target의 BM은 다양한 Peer 그룹이 존재하고 있으며, 특히
디레몬의 레몬클립 브릿지(보험사 맞춤 보장분석 솔루션)를 강점으로 
본 Target에 위협적인 경쟁자가 될 수 있고, 사업모형의 단순함으로 인한
Copycat 증가의 위험도 상존함.
 
-그럼에도 불구하고 투자를 통한 전략적/재무적 기대효과를 높히기 위해서는
아래와 같은 전제사항이 필요함
 
1) GA채널의 불완전판매에 따른 평판위험을 타개할 기업전략이 필요
    : 단순 GA채널 연결 플랫폼으로 상품판매실적과 연동된 매출구조가 아님
    : 따라서 불특정다수의 GA채널 불완전판매로 인한 플랫폼 신뢰도 저하시
      기업가치의 상당한 하락이 예상될 수 있음
 
2) GA소싱과 잠재적 계약자의 모객이 플랫폼으로서 주요한 KSF로서,
    잠재적 계약자를 모객하는 방법에 대한 획기적인 마케팅 전략이 필요함
    : 본 자본조달을 통하여 광고를 통한 모객을 시도하고자 하나,
      마케팅 전략의 차별성이 부재하여 성공가능성을 담보하기 어려움 
 
- 따라서 상기 전제사항에 대한 의구심이 해소될 수 있다면, 경쟁사와의
   상세한 비교를 통하여 투자 가능성을 적극검토를 추진하겠음
   : 한편, 기술력 측면에서의 투자매력도는 당사가 추진하는
   H.OP프로젝트를 통하여 충분히 극복가능한 부분으로서 투자 혹은 인수를
   통해서 기술취득이 가능한 영역으로 판단하기 어려움", Dongwon Kim:https://www.google.co.kr/amp/s/www.forbes.com/sites/jefffromm/2017/07/12/how-startup-lemonade-is-redefining-insurance-for-millennials/amp/ Dongwon Kim:https://laka.co.uk,Youngki Hong,0, JCVC Report Template_Edit_v.0.4_마이리얼플랜_F.pdf · version 1:https://l.facebook.com/l.php?u=https%3A%2F%2Flookaside.fbsbx.com%2Ffile%2FJCVC%2520Report%2520Template_Edit_v.0.4_%25E1%2584%2586%25E1%2585%25A1%25E1%2584%258B%25E1%2585%25B5%25E1%2584%2585%25E1%2585%25B5%25E1%2584%258B%25E1%2585%25A5%25E1%2586%25AF%25E1%2584%2591%25E1%2585%25B3%25E1%2586%25AF%25E1%2584%2585%25E1%2585%25A2%25E1%2586%25AB_F.pdf%3Ftoken%3DAWxdOIFBjwia7A04Pt4GBluzKr3iAgRK-lwkdd7j6FGWQoNVYErWhX1LyfG4O22LtZhAhCfQYvqtWEOfJEsI2cQw8ZdUChTz-VO-xoC4xpf-bSaoJVRVeWOB4bZYE_CXFdEKbHTOKkPJfV7UHgl_C75Jf1lYGsK35Nepr8D9VGplITNhSPJlkNVGjBwzDUiCyfHOdu0Wry0v1ajmMsresWST6bdFUgfpZyX_nGKUMqw57w&h=ATOA6E9ZBIhXdhCxHnX1R4nr0ydDswwXcbJgi70hzsJFf1UVtS3C4NXR3z74Sjn5iykElMDJdzgOLqiQ_dVE3J8iBx8del-U2p1a_9Z8I_hc4OI&s=1,2018-03-08T07:18:35+0000
1801883896772814_1817134688581068,Photos from 이규현's post,"[Lifestyle_Food] Wecook Interview

금일 문효일 팀장, 박경동 과장, 김동영 과장과 서울창업허브에 위치한 푸드인큐베이팅 스타트업 ‘Wecook’ 미팅을 진행했습니다, 당사와 미팅한 내용을 토대로 빠른시일내에 보고서 작성하여 업로드하겠습니다. 

Interviewee: 
심플프로젝트 컴퍼니 김기웅 대표이사

Date: 
2018.03.09 (11:30~13:00)

Subject: 
- 위쿡 사업 소개 및 창업배경 설명
- 수익구조 및 운영정책 소개
- 해외진출 계획 및 향후계획 공유

￼",0,이규현,https://www.facebook.com/photo.php?fbid=2010720482479398&set=gm.1817134688581068&type=3, Photos from 이규현's post:https://www.facebook.com/media/set/?set=pcb.1817134688581068&type=1,2018-03-09T05:30:37+0000
1801883896772814_1816706795290524,Photos from YD Choi's post,"[F&B] D.BOOZ
친구가 미국의 핫한 술 앱 Hooch에서 영감을 얻어 최근에 비슷한 스타트업을 국내에서 런칭했습니다. 

(잔깜! Hooch란? ""DISCOVER NEW BARS WITH FREE DRINKS"" 
회원제 서비스 앱으로 한 달에 9.99달러만 내면 후치와 계약을 맺은 가까운 술집을 방문하고, 앱을 보여주기만 하면 한 잔의 술을 공짜로 제공)
 
현재 디부즈는 베타 서비스 기간이라 무료로 핫플레이스에서 무료 칵테일/위스키 등의 혜택을 받아보세요~ 

안드로이드는 어플 또는 아래 웹링크 가능:  
   http://play.google.com/store/apps/details?id=com.kakao.sdk.dbooz
아이폰은 현재 웹링크only: 
   http://app.dbooz.co.kr",0,YD Choi,https://www.facebook.com/photo.php?fbid=203497640422064&set=gm.1816706795290524&type=3, Photos from YD Choi's post:https://www.facebook.com/media/set/?set=pcb.1816706795290524&type=1,2018-03-08T05:25:31+0000
1801883896772814_1816398721987998,A futuristic doctor’s office in San Francisco aims to create a new operating system for health care,"Forward is a startup redesigning the way healthcare is delivered using all the technologies healthcare has neglected such as sensors, mobile, and AI.

병원같지 않은 인테리어와 분위기에서 테크놀로지와 데이터 기반의 진단, Ex google 멤버가 설립한 Forward startup입니다
새로운 형태의 헬스케어 클리닉으로 좋은 BM가 될 것 같아 공유드립니다", 김동영:https://youtu.be/u1BZmFuBm2g,김동영,https://qz.com/887848/a-futuristic-doctors-office-in-san-francisco-aims-to-create-a-new-operating-system-for-healthcare/amp/, A futuristic doctor’s office in San Francisco aims to create a new operating system for health care:https://l.facebook.com/l.php?u=https%3A%2F%2Fqz.com%2F887848%2Fa-futuristic-doctors-office-in-san-francisco-aims-to-create-a-new-operating-system-for-healthcare%2Famp%2F&h=ATNnegH-DHKQtIXGsr0BrSQLHGcxLL3MEGU4H6xchdqncmmG6HmNIBrkzUvkEGY4-EA08kicHdEM2Sx_wNe1F9R6xMsgzmIxspxRserq2r4Mp68&s=1,2018-03-07T13:14:54+0000
1801883896772814_1815437378750799,0,"[Education] #VIPKid

검토의견: Neutral (추가 검토 및 보완)
규모의 경제를 통해 사업 초기 높은 매출과 성장세를 기록하고 있으며, Sequoia Capital과 Tencent와 같은 유수의 투자자들로 부터 펀드레이징 함. 다만, 미국과 캐나다에서 양질의 영어강사 신규 확보와 고객 및 강사 리텐션을 위해 많은 비용을 지출하여 실질적인 이익지표는 저조할 것으로 판단됨.

회사개요:
- '14년 서비스를 시작한 웹 기반 온라인 1:1 영어과외 매칭 플랫폼 서비스
- 4~12세 중국학생을 미국/캐나다 영어강사와 매칭한 뒤 미국 정규 초등교육 과정에 따른 수업 진행
- 회당 수업료 US$20, 수업시간 30분
- 등록강사 30,000명 / 활성 사용자 수 200,000

경쟁사 비교:
미 증시에 상장한 51Talk와 중국 최대 교육업체인 TAL Education Group의 투자를 받은 DaDaABC가 있음. 또, 신동방그룹이 주도하는 온라인 영어 교육 서비스가 존재하나 경쟁사 대비 VIPKid는 높은 활성 사용자와 영어 강사를 확보하고 있음.

추가검토 및 기타:
향후 VIPKid가 선택할 수익모형의 다각화 형태 (교육대상자 확대, 프리미엄 영어 교육), 축적된 학생 및 부모에 대한 데이터 활용 방안과 제공하는 교육 콘텐츠 등에 따른 성장세에 대하여 지속적으로 관찰할 필요가 있음.",0,Joo Jung Ho,0, (fb)VIPKid Review. Final_18.03.05.pdf · version 1:https://l.facebook.com/l.php?u=https%3A%2F%2Flookaside.fbsbx.com%2Ffile%2F%2528fb%2529VIPKid%2520Review.%2520Final_18.03.05.pdf%3Ftoken%3DAWzMIEVbfkpRQie6ZXMQKXRZzCruNAjl1OufhxC-67ARQRKRFp_uP6oom5C_k0XhKzDralxLGs9gyr6SolEsBXPTm0PIVJodTmjeK6WjCNTF4-xFIO9GdMrAHg8K0FJKX1ajVQ_Z_EJEwQryTFFn5_LJsiKzcIWCksz5q5JXJfL9WGqcY1QkB8uo_eTC9qH37BBfYCxx7QgKmUFKYaacAQdRt9yyh7QMixWgPoDev4mG9Q&h=ATPJGrCJQg9Tjq0sJBe-KUyJrmEElNldctPoqc7R4EKmvk-l9DkpVt4qUqneR-ine6U3wQE0ksLwzk8DB0DKQoVhEOe6mD01AnEAbzxGym50AGU&s=1,2018-03-05T05:28:05+0000
1801883896772814_1813521775609026,0,"[Fintech + Travel]  TNDN(티엔디엔)
각 국의 모바일 결제 시스템을 타국에서 여행을 하면서도 쓸 수 있다면 얼마나 편리할까?

TNDN은 이런 고민을 담아 설립된 스타트업으로서 국내 주요 관광지 내 중국인 관광객을 대상으로 글로벌 모바일 결제 중개 서비스를 운영하고 있습니다. 특히 앱 또는 별도 기기 설치 없이 QR코드 하나로 Alipay, WeChat Pay, 토스 등 한·중 모바일 간편결제가 가능한 국내 유일 플랫폼이며 다양한 여행정보도 제공하고 있습니다. 드림플러스63 3기 입주사입니다. 

*I/S부분은 추후 업데이트 예정"," Dongwon Kim:김승현 Jong Choon Park
알고 계신가요? Jong Choon Park:상무님, 본 내용 알고 잇습니다. 특히, 금동우 파트장이 디벨러 및 연계 생각하고 잇는 회사입니다. 저희 4층에 입주한 회사입니다. 김승현부장도 미팅햇엇습니다.베트남  진출로 고려도 하는 회사인데, 금파트장 통해 세부 보고드리겟습니다 김승현:네.. 2월초 전략투자추진팀 도움으로 tndn 대표와 미팅 진행하였습니다. 
현재 tndn 사업모델은 대고객 b2c가 아닌, 가맹점 영업(가맹점 바로 앞단에서 위챗/알리 연결)으로..  향후 저희 동남아 확장시 협업 가능성 있는 스타트업으로 생각하고 있습니다.",YD Choi,0, TNDN.pdf · version 1:https://l.facebook.com/l.php?u=https%3A%2F%2Flookaside.fbsbx.com%2Ffile%2FTNDN.pdf%3Ftoken%3DAWzKdVibSujpkSOLWYZxgWI41kGDIB2YKbg9X6GvVonmdzE-kXXY1Vv7CVu8ag9Ky7LXdmikEgtsQ9sSXnKXnHp_pzLdmDL8rzidxeMhCmy62fYyt4TjWs92io3UViIZx05YKHBuK01RKbfXli22UwviiaorrUPGHqPb4iRhzU_2siDJduSRShLr2cevJVRhF8Zkoi5Rcb8WsXr23LpJT8V89q1870_yHz0Udb30mMqnFA&h=ATM52VLJZkDoJplI_D2IijcuzKmIQ8AphsJCN-byTl3uuuMh7unHTkuSpV-zaljRj9XxeL-J6kg3XOWK31UI4Evh5v9WTlKSIuRBlU-2XmMlCvI&s=1,2018-02-28T08:40:08+0000
1801883896772814_1813432848951252,0,"[Lifestyle_Food] Wecook Overview

국내 외식창업 실태: 
- 상대적으로 낮은 진입장벽(외식창업 83%가 생계형 창업)
- 부담스러운 초기투자비용(약 1~2억원)
- 높은 폐업률(5년내 90% 폐업)
- 높은 경쟁률(국내 78명당 1개 식당 존재)

창업배경:
김기웅 대표는 7년간 증권사 파생트레이더로 근무, 도시락배달업체를 창업하게됨. 월 4천만원의 매출을 기록했으나, 높아지는 임대료와 인건비 등의 문제로 결국 실패함. 그 경험을 토대로 외식창업자들이 초기에 적은 금액으로 상품을 테스트해보고, 전문적인 컨설팅과지원으로 창업의 실패확률을 현저히 낮춰줄 수 있는 외식창업 인큐베이터를 시작함. 공유주방부터 식자재 공동구매, 그리고 유통대행까지 대행하며 푸드메이커들이 오로지 상품개발에만 집중할 수 있게 지원.

향후계획:
금번 투자유치를 통해 비즈니스모델(인큐베이팅 센터 확장, 공유 식당, 신규 유통채널, 등) 다각화 및 IT시스템(자체 유통플랫폼, 백오피스, 등) 개발 등에 활용할 것으로 판단됨.

기타:
위쿡의 사업비중 확인 및 대응 필요 (컨설팅 or 유통)
중국의 판다셀렉티드 등 경쟁업체의 강점(온라인 교육 커뮤니티, 브랜딩, 등) 스터디 필요하며 글로벌 확장 전략 수립 필요",0,이규현,0, (fb_이규현)Wecook.2018.02.26.pdf · version 1:https://l.facebook.com/l.php?u=https%3A%2F%2Flookaside.fbsbx.com%2Ffile%2F%2528fb_%25EC%259D%25B4%25EA%25B7%259C%25ED%2598%2584%2529Wecook.2018.02.26.pdf%3Ftoken%3DAWyaiF5RNNAeAQKuHU3AAii0wA8ZdaDjjelq2CMEew2On9Rpijy01h2PsDr7qmVZg9OirpX1s8cEy_EU3D9X34VmLeuRdYDOjwLrQP0RV7VcVkTqGHILzDUCIrpiv3CI0CP7fEMvxBVsJbYZD84RQ4VImy5BcQS-j7yslmA0sAyQNsffT_FnTVRNhOBGxhe_ZTJ-D3B8yXEQpyYaqQle4tD3z1bEGtGrgYc7SL7qyRDD1g&h=ATPeo1FKSs1e5Q7laehzCYHP_mQycetEXmXP6Oxj1LFZY8_Bl9_8hO0K9mjRcgghVaur9WoXrocshl-a6pGQC0xMpO7cSpFmGtQL3qjb1EIRKPA&s=1,2018-02-28T02:18:41+0000
1801883896772814_1813173295643874,0,"[Fintech_Remittance] InstaReM Overview

* InstaReM과 3월 중순에 초기 미팅이 예정되어 있으며, 추가적인 검토를 통하여 분석 내용을 업데이트 하도록 하겠습니다
* InstaReM은 아래와 같은 특성을 보유하고 있으며
 
1)  ’14년 설립된 싱가포르 기반 송금서비스업체임
        : 금융사, SME, 개인을 위한 종합송금솔루션 제공
2)  신속한 아시아 內 송금거래소요시간 경쟁력 보유
        : Target 건당 평균 24H vs 은행평균 2~4일
3)  송금수수료율은 은행평균 대비 1/20 수준
        : Target 0.5% vs 은행평균 10.4%(WB 통계치)
4)  B2B서비스는 지급결제 게이트웨이 호환성이 높은 API를 제공 : 로컬은행과의 협업 유연성 高
       : B2C는 “Know Your Customer” 모바일 월렛 형태모형보유

* InstaReM 검토와 더불어 Revolut 비교분석을 추후에 반영 할 수 있도록 하겠습니다
* 첨부 이미지를 참조하여 주십쇼 (문서보안으로 인하여 이미지로 첨부: 추후 PDF로 변경업데이트 예정)", Sung Joon Choi:감사합니다. 다만 위에 나와있는 기존 SWIFT망과의 비교에 덧붙여 비슷한 사업모델을 가지고있는 기업들과의 비교를 통한 비교우위 도출이 가능하다면 좋을것 같습니다.,Allison Young Eun Moon,https://www.facebook.com/photo.php?fbid=1853608231377543&set=gm.1813173295643874&type=3, None:https://www.facebook.com/photo.php?fbid=1853608231377543&set=gm.1813173295643874&type=3,2018-02-27T09:58:41+0000
1801883896772814_1811516325809571,_IR_v.2.mp4,"Food sector Leader 규현님이 검토할 스타트업
weecook 관련 IR영상 참조차 모두 공유드립니다", Dongwon Kim:윤종혁 이도 같이 보면 좋을듯,김동영,https://drive.google.com/file/d/1PKzpgqpdfwlMnC6JW9L-ErbF08rGf9Cx/view, _IR_v.2.mp4:https://l.facebook.com/l.php?u=https%3A%2F%2Fdrive.google.com%2Ffile%2Fd%2F1PKzpgqpdfwlMnC6JW9L-ErbF08rGf9Cx%2Fview&h=ATNVwyBKKZtKxUvGGwcoyPk-D68wwl84e-DLYnD15F2Uw4zYFvbQLDpU2lSnnnM0spfxZOJTydEr4GvjZ5BxLHKD9Kh3Wv7CxUMOzfPWNtyfCJ4&s=1,2018-02-23T09:41:06+0000
1801883896772814_1811512499143287,"1stdibs: Antique and Modern Furniture, Jewelry, Fashion & Art","[라이프스타일 스타트업 조사 요약 공유]

1stdibs
앤티크, 디자인, 파인 쥬얼리, 빈티지 및 미술품 분야의 딜러와 고객을 연결하는 프리미엄 이커머스 몰

1. Business Description
- '01년 런칭
- 사전에 심사를 통해 등록된 전문딜러(품질 관리)가 상품을 업로드하면 고객이 온라인 커머스로 구매하는 방식
- 수익 구조: dealer monthly fee + 거래 건별 최대 15% 수수료 + 3% 신용카드 거래 수수료
- 카테고리(5): 가구 / 미술품 / 보석&시계 / 패션 / 인테리어

2. Key Statistics & Performances
- 전문 딜러: 전세계 약 3,000 업체
- 월 평균 방문객: 3백만
- 순 거래액: 1억 1천만 달러(2015년 기준)
- Revenue: 3천만 달러(2014년 기준)

3. Financing History 
- Total Funding(5): US$117M
(Series A: US$60M Nov 2011 / Series B: US$42M Dec 2012 / Series C: US$15M Jan 2014)
- Investor: Alibaba, Spark Capital, Benchmark 등
- Acquisition(2012): Onlinegalleries.com(영국 프리미엄 앤티크 쇼핑몰)

4. Key Management
-  David Rosenblatt(CEO)
: '11년 11월에 취임했으며 현재 트위터, IAC, Farfetch(명품 패션 쇼핑몰) 이사회에 속해 있음. MBA는 Stanford, BA는 Yale이고 Bachelor's Degree는 Stanford Graduate School of Business에서 취득함.
- Michael Bruno(Founder)
: 럭셔리 부동산 딜러 / 1stdibs의 약 10% 지분을 보유한 것으로 알려짐

5. Global Peer 
- Luxify, World's Best, JamesEdition

https://www.1stdibs.com/"," Soohyun Park:1stdibs는 listings site로 시작해 결제를 붙여 이커머스 업체로 변모했습니다. (이 과정에서 수익 모델도 변화했습니다.) 개인적으로 조사하면서 흥미로운 내용이 있어서 덧붙입니다. 최근에 상품 listing 옆에 dealer의 이름을 삭제했는데, 아마도 이는 고객이 딜러와 직접 커뮤니케이션하면서 가격을 네고해 1stdibs의 플랫폼 경쟁력을 약화시켰기 때문인 것으로 생각됩니다. 이에 대해 딜러측은 앤티크 거래에서 중요한 딜러 이름의 상징과 평판을 무시한 행위라고 주장하며 반발하고 있습니다. 그러나 1stdibs 측은 대부분의 고객들이 어차피 누가 파는지 모르고 구매한다고 얘기하며 이번 변화로 3,000 업체가 넘는 딜러 중 4곳만이(사실 확인이 필요합니다만) 플랫폼을 떠났다고 밝혔습니다.",Soohyun Park,https://www.1stdibs.com/," 1stdibs: Antique and Modern Furniture, Jewelry, Fashion & Art:https://l.facebook.com/l.php?u=https%3A%2F%2Fwww.1stdibs.com%2F&h=ATP-KSZELQ1fVn5I-3exzjv0uiY5Ph0CyPBNwLP0hIYbIQFzGAVgpkUW65fqTb6gOkCRSe2I7c1C_QVZpYhWmYkRsk9U5djPq0BnLbpUrE9cevk&s=1",2018-02-23T09:26:15+0000
1801883896772814_1810026642625206,A VC Reveals the Metrics They Use to Evaluate Startups — The Startup Tapes #031,0,0,김동영,https://www.youtube.com/watch?v=wLbl8TGiM8E&feature=share, A VC Reveals the Metrics They Use to Evaluate Startups — The Startup Tapes #031:https://l.facebook.com/l.php?u=https%3A%2F%2Fwww.youtube.com%2Fwatch%3Fv%3DwLbl8TGiM8E%26feature%3Dshare&h=ATN9C_O8bkIpL_ANJKOMld3fyicNDMgEurxYzQ2QGpkwYCYFuaVUqCoFTKTx2w6Ahx9KfLXZUKYGM5OpwBRhB7MN8xiM-Cag-_q-f-ZVlLsIIIM&s=1,2018-02-19T14:01:49+0000
1801883896772814_1809807162647154,Startup Weekly 구독 신청,"http://glance.media/subscription/subscribe
국내 스타트업 위클리입니다. 위의 링크 들어가셔서 구독하시면서 관련 분여 참고하시면 도움될 것 같아 공유드립니다. 

국내 뉴스 
---------------------------------------------
 
엑싯/투자 
카카오모빌리티, 카풀 스타트업 ‘럭시’ 인수 
카카오게임즈, 해외서 200억원 투자 유치 
동영상 기술 스타트업 '요쿠스', 10억원 투자 유치 
헬스케어 플랫폼 '케어랩스', 코스닥 상장 절차 돌입 

성과/출시 
텀블벅, 총 누적 후원금 300억원 돌파 
원룸이사 견적비교 ‘짐싸’, 월 거래액 4억원 돌파 
집닥, 건축중개 플랫폼 ‘집닥 건축’ 모바일 앱 출시 
피플펀드, 자체 구축한 개인신용평가모형 2.0 공개 
퓨처웍스, 패션 브랜드 발매 정보 앱 ‘익스클루시브’ 런칭 
레코벨, 스타벅스앱 개인화 추천 서비스 제공 
한패스, 네팔 해외송금 서비스 시작 

정책/지원 
한국벤처투자, 신임 사장에 전 SBA 주형철 대표 내정 
특허청, 1천억원 규모 지식재산(IP) 투자펀드 조성 
과기부, 인터넷 산업 규제 혁신 현장 간담회 진행 
신보, 창업 지원 '스타트업 네스트' 3기 모집 

기타 동향 
LG전자, 벤처투자 본격화 시동 
플리토-식신, 음식점에 모바일 외국어 메뉴판 지원 
더루프-라온시큐어, 블록체인 기반 생체인증 공동 개발 
폴라리언트-네이버랩스, 실시간 실내 측위 솔루션 개발 협력 
아만다 신상훈 대표 인터뷰 
한글 워드프로세서 만든 강태진 대표 인터뷰 
대기업 팀장과 실리콘밸리 매니저 비교 
UI/UX 디자이너가 되기 위한 7단계 안내 

  해외 뉴스 
--------------------------------------------------------------------------------
 
애플, 건강의료 사업 진출 시사 
애플, 첫 중국산 반도체 구매 협의 
팀 쿡, 주주총회서 경영권 승계 언급 
우버, 동남아 사업 부문 '그랩'에 매각 전망 
웨이모, 애리조나서 자율주행차 호출 서비스 시작 
아마존, 시애틀 본사 직원 수백명 이례적 해고 
알리바바, 연내 블록체인 금융 서비스 상용화 
스냅챗, 인기 계정 게시물·구독자 정보 제공",0,Moojin Ian Choi,http://glance.media/subscription/subscribe, Startup Weekly 구독 신청:http://l.facebook.com/l.php?u=http%3A%2F%2Fglance.media%2Fsubscription%2Fsubscribe&h=ATPyOTghK-hjUG8z4oM_jxrERnye-8WCdE7zjpmJpEcJa8lrqhmnmqyEYXNt1RwYM44ZLPcSszEHu5JW88bkPGhBo8HUE-Ip1NyqoRKU3n8LT-g&s=1,2018-02-19T00:56:04+0000
1801883896772814_1809805542647316,스타트업 데모데이 '2018 Y-DEMODAY' 개최,"스포츠 섹터 보시는 분들 참고하시면 좋을 것 같습니다:

스타트업 데모데이 '2018 Y-DEMODAY' 
2월 27일 (화) 14시 00분 ~ 18시 00분

문화체육관광부와 한국스포츠개발원이 주관하고 스타트업 액셀러레이터 와이앤아처가 운영하는 스포츠 분야 스타트업 액셀러레이팅 프로그램 'Archer's HERO Season1'의 데모데이",0,YD Choi,https://onoffmix.com/event/127722, 스타트업 데모데이 '2018 Y-DEMODAY' 개최:https://l.facebook.com/l.php?u=https%3A%2F%2Fonoffmix.com%2Fevent%2F127722&h=ATNuBHGqqWdW1i8LvRdJDG-xhJfQtIYaBo7to4PK3OkyQU2gpJ-31Q59tL915Ao-8jdEljflV-oG4li0Sf_9T6bGaDzTNSow6yxumSXSuAPhL2k&s=1,2018-02-19T00:45:26+0000
1801883896772814_1807859932841877,Photos from 이규현's post,페라리 켈리포니아 T, Moojin Ian Choi:#슈퍼카 #캘리포니아 #캘리포니아T #2억7천 조정연:캘리포니아 T 라는 의견이 있습니다 ^^ 조정연:http://avantgarde.egloos.com/m/4007477 Young Jin  Choi:누가 1등 했냐? ㅋ,이규현,https://www.facebook.com/photo.php?fbid=2000525273498919&set=gm.1807859932841877&type=3, Photos from 이규현's post:https://www.facebook.com/media/set/?set=pcb.1807859932841877&type=1,2018-02-14T06:28:47+0000
1801883896772814_1807109546250249,0,"#리츠 #일본상장리츠 #JREITs
일본 상장리츠에 대해 살펴본 보고서입니다. 

일본 부동산 시장은 아베노믹스, 도쿄 올림픽 등 호재로 수익률이 좋았습니다. 그러나 2017년부터는 부동산 가격 고점에 대한 우려로 주가수익률이 하락했습니다. 2018년에도 이러한 흐름은 지속될 수 있어서 보수적 관점이 필요하다고 생각합니다.

Junior CVC 그룹에 관련된 업무라고 생각되어 이 곳에 보고서를 업로드합니다."," I.k. Yoon:#후쿠오카 #캐널시티 를 보유한 #후쿠오카리츠 (#후쿠오카지쇼 8.9%. 2번째 최대 주주) 정보 잘 보았습니다. 감사합니다! Jongmin Kim:궁금했던 사항인데, 잘 정리해주셨네요. 감사합니다!",정민준,0, 일본리츠_20180212_최종.pdf · version 1:https://l.facebook.com/l.php?u=https%3A%2F%2Flookaside.fbsbx.com%2Ffile%2F%25EC%259D%25BC%25EB%25B3%25B8%25EB%25A6%25AC%25EC%25B8%25A0_20180212_%25EC%25B5%259C%25EC%25A2%2585.pdf%3Ftoken%3DAWy5CNfIqmBGlfpy9R0WgwNGmVyggV7t1MFfUfGDRZc9MWmOOJUNhXb0eyoa_Exwp-9xTtbx11vdA-w99BUCKnobU5We56gkC1V2rO88p-rWix4bH0heblMm1LHLnKTr8sgGjfBkuo9-nSNEiOyCy8SG0lJp3PCl3JbUHEJmgmxnCFVtgV92RhRSCeBb8-n6REb6eDV1zC8P9mhr2_96j5nz7mvaZ1S_enmDKUtB0MB4ag&h=ATOWuGhwT2rUJW2I429FfGT1na3YcnzCL7X4hILYdC945d0lPeWXs8SeTueOOuV1d3D88pxpd4AfLxJCAPUgD7j_8XCakJn7Yam-mcj6L1Sep4Y&s=1,2018-02-12T08:08:08+0000
1801883896772814_1807875836173620,0,지바겐 (65..? 63...?),0,Soohyun Park,https://www.facebook.com/photo.php?fbid=1643922482389031&set=gm.1807875836173620&type=3, None:https://www.facebook.com/photo.php?fbid=1643922482389031&set=gm.1807875836173620&type=3,2018-02-14T07:09:28+0000
1801883896772814_1807875519506985,0,Mercedes S500 4matic 2.34억,0,Moojin Ian Choi,https://www.facebook.com/photo.php?fbid=10155904170636047&set=gm.1807875519506985&type=3, None:https://www.facebook.com/photo.php?fbid=10155904170636047&set=gm.1807875519506985&type=3,2018-02-14T07:07:36+0000
1801883896772814_1807862149508322,0,0," 김상윤:이태원에서 가장 가치있는 차를  찾기위해, 거리 곳곳을 누볐습니다. 그러던 중, 문득 금전적 가치가 아닌 더욱 중요한 가치를 가진 차가 무엇일까라는 생각이 들었습니다. 그때, 소방차가 눈에 들어왔습니다. 다른차가 운전자의 효용을 위해서만 가치를 갖는다면, 소방차는 다른 생명을 살리기 위한 가치를 가지고 있습니다. 생명의 가치는 가늠할 수가 없습니다. 그런 가치를 지켜내는 소방차야 말로 가장 가치있는 차가 아닐까 싶습니다. Mike Sukhyung Lee:17시 미팅때 이거 운전해서 오세요. 정민준:우리의 생명과 재산을 지켜주는 소방차가 사회적 가치도 좋지만 가격도 비싼걸 오늘의 미션을 통해서 알았습니다! YD Choi:#마음부자 #가장비싼차  #진정한슈퍼카 #실제로비쌈 YD Choi:당신의 생명과 2억 마세라티를 맞바꾸시겠습니까? #가장비싸보이는차 Mike Sukhyung Lee:Joo Jung Ho 급이 올라갔어요... 정호씨 빨리 용산 기지에서 탱크 한대 찍으세요... #참군인 #charmsoldier 조정연:#광고같지않은광고 #약팔지마세요 #문제고쳐답달기 ^^",김상윤,https://www.facebook.com/photo.php?fbid=2052432448376100&set=gm.1807862149508322&type=3, None:https://www.facebook.com/photo.php?fbid=2052432448376100&set=gm.1807862149508322&type=3,2018-02-14T06:40:28+0000
1801883896772814_1807798379514699,Photos from Soohyun Park's post,"프로스트 폭스(희귀종) 퍼 조끼
₩7,740,000", Sung Joon Choi:ifc에 저거이길만한게 없겠는데요?ㅋㅋ Mike Sukhyung Lee:하나 사주세요 ㅋㅋㅋㅋ,Soohyun Park,https://www.facebook.com/photo.php?fbid=1643714459076500&set=gm.1807798379514699&type=3, Photos from Soohyun Park's post:https://www.facebook.com/media/set/?set=pcb.1807798379514699&type=1,2018-02-14T01:47:06+0000
1801883896772814_1807797382848132,0,"MacBook Pro(옵션추가) ₩3,490,000",0,김상윤,https://www.facebook.com/photo.php?fbid=2052324995053512&set=gm.1807797382848132&type=3, None:https://www.facebook.com/photo.php?fbid=2052324995053512&set=gm.1807797382848132&type=3,2018-02-14T01:41:54+0000
1801883896772814_1807791052848765,0,iMac Pro 630만원,0,이규현,https://www.facebook.com/photo.php?fbid=2000420706842709&set=gm.1807791052848765&type=3, None:https://www.facebook.com/photo.php?fbid=2000420706842709&set=gm.1807791052848765&type=3,2018-02-14T01:06:28+0000
1801883896772814_1804972143130656,Investments in lifestyle brands a natural extension of property development biz: Sansiri's Thavisin,"#부동산 #CVC #SANSIRI #SIAMCOMMERCIALBANK

태국의 부동산 개발 회사도 CVC를 통해 글로벌 마켓에서 라이프스타일 뿐만 아니라 다양한 innovation start ups에 투자한다고 합니다. 부동산과 컨텐츠의 결합은 필수라는 걸 다시 한번 느낍니다.

*Sansiri 그리고 CP 현황 및 향후 부동산 방향성
1. 사업 현황
1) 콘도미니움 / 단독주택 / 도시형주택 3가지의 상품군을 가지고 있음. 이외에 2개 호텔 개발 이력 있으며, 런던 Kensington 지역 주택 프로젝트도 수행했으며, 지난 33년간 295개 개발 프로젝트를 통해 78,720세대를 공급
2) Sansiri는 고객들에게 2012년 자체 개발 “Home Service” 모바일앱을 제공하고 있으며 3년내 사용자 13,000명 돌파
- 해당 앱은 자체 메시징, 비상알림, 유지보수 신청, 온라인 쇼핑, 자동화 가전 작동 기능을 탑재하며 지속적인 업데이트 이루어지고 있음
- 135개 Sansiri 개발 주택단지에서 13,000명의 사용자들이 활용중이며, 특히 Condominium에서의 활용도 높음
- 현재 추진중인 Siri Venture(아래 자세 설명 참조)에서 해당 앱의 추가적인 기능 개발을 위해 Startup들과의 협업 예정이며 향후 타 업체에서의 활용도 및 수출 가능성도 보고 있음
3) 현재 라이프스타일 및 부동산개발 기술업체들에 대한 과감한 투자를 통해 차별화된 행보 보이고 있음

2. 사업 추진 방향성
1) IT 기술기반으로 사용자의 생활편의가 극대화된 주택을 개발하고자 함. 부동산개발 기술업체 및 IoT 기술업체들에 대한 과감한 투자 진행
2) 단순 주택이라는 상품이 아니라 라이프스타일을 팔고자 함
- 라이프스타일 Trend에 대한 선도업체(부티크호텔, 잡지사)의 아이디어 적용 시도
3)모바일앱 통해 브랜딩 및 고객 충성도 강화
- 자사 고객들에게만 제공되는 모바일앱을 통해 편의사항을 제공하여 exclusivity 형성

3. 언급된 2017 Investments(USD 83mn)의 detail 및 시사점

1) Standard International(USD 58mn): 지분 35%
- 부티크호텔 업계 유명 브랜드 업체
- 뉴욕, LA, 마이애미에 5개 자산 있으며, 2018년 런던 신규 개업 예정
- “The Standard”(high-class)와 Bunkhouse Group(mid-class) 2개 부티크호텔 라인업의 브랜드 사용 및 운영권을 가지게 됨
⇒ 신규 호텔 및 음식료체인 설립에 투자예정이며 특히 아시아시장 진출 목표로 하고 있음

2) One Night
- Standard International에서 개발한 모바일앱으로 당일 3시이후 부티크호텔 예약 기능
⇒ 앱의 추가적인 개발 및 아시아시장 진출 도모. 기타 라이프스타일 사업들과의 연계 가능성

3) Hostmaker
- 런던, 로마, 파리와 바르셀로나에서 랜드로드를 대신해서 AirBnB를 통한 사업을 운영해주는 업체(인테리어, Check in check out 관리, 청소)이며, 현재까지 15만명의 고객 이용
⇒ Sansiri는 Hostmaker의 아시아시장 진출을 도움과 동시에 Sansiri는 해외시장에 대한 익스포져 확보 가능

4) JustCo
- 싱가폴 기반으로 현재 11개 도시에서 운영중인 동남아시아 최대 Coworking space 업체
- 2018년 동남아서 추가적으로 20개 사무실을 개업할 예정
⇒ Sansiri는 방콕에 JustCo 오피스를 4개 신설하는 계획을 확정하였으며 추가적으로 아시아시장에서의 확장 예정. 자카르타, 쿠알라룸푸르, 호치민, 마닐라를 타겟팅하고 있으며, Sansiri는 약 12,000개의 JustCo 사용 업체들에 대한 익스포져가 생김

5) Farmshelf
- 실내 자동화 작물 시스템 개발업체
⇒ Sansiri는 향후 고객들의 웰빙 신선식품 수요가 빠르게 성장할 것으로 보고 있고 Farmshelf의 실내 작물 기술을 일부 개발 주택에 도입할 계획

6) Monocle
- 글로벌 정세 및 럭셔리 라이프스타일 전문 잡지사이며, 팝업스토어 및 카페도 운영
⇒ Sansiri와 2018년 Monocle 컨셉 적용 다용도 주거시설 분양 예정

4. Future Investment Initiatives: Siri Venture(coinvest Siam Commercial Bank, USD 46mn)

- 태국 최초 부동산개발 관련 R&D업체들 대상 VC 설립
- 2020년까지 약 300여개의 PropTech(부동산개발기술)업체들로 구성된 생태계 구축 목표
- Siam Commercial Bank(자산규모 기준 태국 4위)이 10%, Sansiri가 90% 출자
- Siam은 Startup 투자 관련 노하우를 공유하며 핀테크 접목 가능성 존재시 지원
- Siri Venture는 3가지 미션을 목표로 하고 있음
1) 태국과 싱가폴 시장을 대상으로 부동산과 주거환경 관련 기술개발 및 혁신에 대한 투자
2) Sansiri 고객들의 생활편의 App인 “Home Service”의 추가 발전을 통한 시장 확장
3) 유망한 부동산기술 업체들을 발굴하는 태국 최초 부동산기술 Accelerator Program 추진
- Accelerator Program에서는 약 100개의 부동산기술 특화 Startup 100여개를 모집하여 단계적인 심사를 통해 8~10개 업체를 선발하여 Sansiri 경영진의 멘토링 및 재무투자 예정

"," Allison Young Eun Moon:From: 해외 사무소, 문효일 팀장님 & *현황 및 방향성 by 김종민 상무님",Allison Young Eun Moon,https://www.dealstreetasia.com/stories/thailand-sansiri-global-brand-thavisin-89067/, Investments in lifestyle brands a natural extension of property development biz: Sansiri's Thavisin:https://l.facebook.com/l.php?u=https%3A%2F%2Fwww.dealstreetasia.com%2Fstories%2Fthailand-sansiri-global-brand-thavisin-89067%2F&h=ATOCmurVZ7Kfdk2BGqms72yoYlIXt9OmT9QaeGmVuOm5n5X8YPcgDODjb4_OBQmbdPMZUXo94LmKNsN5huojrFocyYWSuMQ9XbEjvFd4M2nH1aQ&s=1,2018-02-07T02:19:25+0000
1801883896772814_1804968466464357,0,"#라이프스타일 #싱가포르 #전자상거래 #ECOMMERCE #PAYMENT

싱가폴 E-commerce 분야에서의 스타트업 업체가 있어서 소개합니다. 이 회사의 비즈니스 모델은 “Instalment payment solution for e-commerce and physical store merchants” 입니다. 첨부된 회사 소개 Teaser에서 비즈니스 모델과 관련 E-commerce 경쟁 업체들의 생태계 리서치에 도움이 될 수도 있을 거 같습니다."," Allison Young Eun Moon:From: 해외 사무소, 박진석 과장님",Allison Young Eun Moon,0, Koupey Investor Presentation Teaser.pdf · version 1:https://l.facebook.com/l.php?u=https%3A%2F%2Flookaside.fbsbx.com%2Ffile%2FKoupey%2520Investor%2520Presentation%2520Teaser.pdf%3Ftoken%3DAWz1RCLIonp5128yue5ypvh1jDcDU4ipDBKkx44_uGoeXRNlNHl16IXl33o-wxPJyxhOzZdDIBtAkjDwoP0hpiWzNM865769SJxIYdlMYEUdSEz7IQAqOIwTnXRED9uZNl3egsEKI2ajOY6VmQ_L3QiEztvqn63AtdScL_W3tBnsBCD9dJR_9xCZE55EkGf8oqnTjQ8ntP_hCEMEgrw7HvWGbcscPCMKFc5WPele_nbs9A&h=ATNXv5MVhsYkFmUhVUefh66smLBFl56jrMOEYAy0-6CdFxEpcAxh9XWkBITUJOW5PcTrXv9cfzq_VhWhRHDWmNStPvRXP15QjHqu0wzcsUJ8HDk&s=1,2018-02-07T01:59:41+0000
1801883896772814_1804967553131115,ABLE-PROJECT,"#블록체인 #암호화폐 #SMARTCONTRACT #ableproject

블록체인 스마트 컨트랙트를 기반으로 암호화폐 예금 및 대출 서비스를 실현하며, 암호화폐 자산관리 서비스로 다양한 금융상품 서비스를 제공을 계획하고 있는 블록체인 은행 관련 소개입니다(한국 관계자들이 런칭). 에스토니아 법인 설립하고 2월 말에 토큰뱅크에서 프리세일 진행예정이라고 합니다

- Asia's First Block Chain Bank
- 암호화폐기반 예금/대출상품의 설계(Smart Contract)를 통해 
주체적으로 암호화폐시장의 유동성을 제고
- ABLE Project를 통해 이용자는 암호화폐의 예금, 대출, 자산운용이 가능하며, ABLE Project는 수익을 통해 ABLE의 가치를 높일 예정(VR, AI 로봇 등 4차 산업혁명 기업들과 연계)
- 에스토니아 법인을 시작으로 싱가포르 등 아시아 전 국가에 지점을 확대하여 아시아 최초이자 최대 블록체인뱅크 서비스를 제공

자세한 소개 자료는 링크 참고 부탁드립니다.

"," Allison Young Eun Moon:From: Global CVC, 김형준 과장님",Allison Young Eun Moon,https://www.able-project.io/, ABLE-PROJECT:https://l.facebook.com/l.php?u=https%3A%2F%2Fwww.able-project.io%2F&h=ATNEuGZU7vg4dnTgvKsV2tJb49xtrB0ozv5F6EPmVBJGWSXCvjHcv4QzGM41R3XXtyNLEvtpzXsiMIaKzabsT3OBcGGKpuCXy8W2bbs5Spmj4mc&s=1,2018-02-07T01:54:40+0000
1801883896772814_1804657716495432,realityreflection,"#VR #AR #ICO #REALITYREFLECTION #모스랜드 #모스코인 #손우람 #노정석
VR·AR·ICO 다 하는 스타트업 ‘리얼리티리플렉션’

'15년 손우람 대표(삼성 출신, KBS황금의 펜타곤 우승의 주역)와 노정석 최고전략책임자(카이스트 출신, 5번의 창업 중 3번 엑시트에 성공한 창업가)가 설립한 VR기반 국내 스타트업 '리얼리티리플렉션'은,
VR/AR 게임, 3D스캔 디지털 콘텐츠 등으로 곧 다가올 '가상세계'를 대비하고 있습니다.

총 누적 투자금은 약 41억원('16년 스톤브릿지와 SK텔레콤으로부터 39억원 투자금 유치)으로 VR게임 '스피드볼아레나', '뮤직인사이드' 및 사용자 표정을 읽고 따라하는 이모지 기반 영상채팅 앱 '브이모비'등의 서비스를 출시 했습니다.

또한, '19년 1분기 베타테스트 완료를 목표로 하고 있는 AR게임 '모스랜드'는 이더리움 기반 플랫폼 게임머니 '모스코인(MOC)'의 선 판매를 통한 ICO를 추진 중입니다. 지난 달 29일 실시된 프리세일에서는 시작 30분만에 준비된 2500만 개가 모두 팔렸으며 메인세일(발행량 총 5억개 제한)은 이달 19일부터 시작될 예정입니다.

최근 SK텔레콤과는 '누구 AI엔진'과 아바타를 결합한 모바일 앱을 공동 기획하고 있으며 ICO가 마무리되면 현재 컴투스 미국지사장 출신 이사를 비롯 국내 게임 분야에서 이름난 인력들로 구성된 팀에 합류할 개발자를 대거 채용할 계획을 가지고 있습니다.

앞으로 리얼리티리플렉션은 더 다양한 업체들과 손잡고 VR/AR, AI, 게임 개발 기술 등이 상용화 되기까지 남아 있는 난제들을 풀어갈 것으로 보입니다. 
VR플랫폼이 더 대중화되기 전에, 다음 국내 게임업계의 ICO가 추진되기 전에 당사 또한 이에 관련된 발빠른 움직임을 보여야할 것으로 생각됩니다.

",0,Allison Young Eun Moon,https://www.realityreflection.com/, realityreflection:https://l.facebook.com/l.php?u=https%3A%2F%2Fwww.realityreflection.com%2F&h=ATPCsLosN8HsxIeIHkB5hn_yJMQ1n8XHMI84LskXDGLk-YCeoSmy2F9oSedJ4mLOwbCED8ZmEKl9yQGnJFSUe49WE0Q8S2WXMSOpq3q3dFA1Ui4&s=1,2018-02-06T06:52:47+0000
1801883896772814_1804586219835915,0,0,0,Dongjun Shin,0, Allison Young Eun Moon:https://www.facebook.com/allisonyoungeun.moon,2018-02-06T01:29:36+0000
1801883896772814_1801883986772805,0,0,0,Dongjun Shin,0,0,2018-01-30T09:07:23+0000
